CNAE,Alfabeto,Categoria,Ocupação,Estrutura CNAE,Descrição CNAE,Descrição subclasse CNAE,ISS,ICMS,DAS INSS,DAS ISS,DAS ICMS,DAS MENSAL
1012-1/01,A,INDÚSTRIA,ABATEDOR(A) DE AVES,10,INDÚSTRIAS DE TRANSFORMAÇÃO,ABATE DE AVES,N,N,R$46.85,R$0.00,R$0.00,R$46.85
4724-5/00,A,COMÉRCIO,ABATEDOR(A) DE AVES COM COMERCIALIZAÇÃO DO PRODUTO,47,COMÉRCIO; REPARAÇÃO DE VEÍCULOS AUTOMOTORES E MOTOCICLETAS,COMÉRCIO VAREJISTA DE HORTIFRUTIGRANJEIROS,N,S,R$46.85,R$0.00,R$1.00,R$47.85
1531-9/02,A,INDÚSTRIA,ACABADOR(A) DE CALÇADOS,15,INDÚSTRIAS DE TRANSFORMAÇÃO,ACABAMENTO DE CALÇADOS DE COURO SOB CONTRATO,S,S,R$46.85,R$5.00,R$1.00,R$52.85
4722-9/01,A,COMÉRCIO,AÇOUGUEIRO(A),47,COMÉRCIO; REPARAÇÃO DE VEÍCULOS AUTOMOTORES E MOTOCICLETAS,COMÉRCIO VAREJISTA DE CARNES - AÇOUGUES,N,S,R$46.85,R$0.00,R$1.00,R$47.85
9609-2/07,A,SERVIÇO,ADESTRADOR(A) DE ANIMAIS,96,OUTRAS ATIVIDADES DE SERVIÇOS,ALOJAMENTO DE ANIMAIS DOMÉSTICOS,S,N,R$46.85,R$5.00,R$0.00,R$51.85
8011-1/02,A,SERVIÇO,ADESTRADOR(A) DE CÃES DE GUARDA,80,ATIVIDADES ADMINISTRATIVAS E SERVIÇOS COMPLEMENTARES,SERVIÇOS DE ADESTRAMENTO DE CÃES DE GUARDA,S,N,R$46.85,R$5.00,R$0.00,R$51.85
5310-5/02,A,SERVIÇO,AGENTE DE CORREIO FRANQUEADO E PERMISSIONÁRIO,53,"TRANSPORTE, ARMAZENAGEM E CORREIO",ATIVIDADES DE FRANQUEADAS DO CORREIO NACIONAL,S,S,R$46.85,R$5.00,R$1.00,R$52.85
7911-2/00,A,SERVIÇO,AGENTE DE VIAGENS,79,ATIVIDADES ADMINISTRATIVAS E SERVIÇOS COMPLEMENTARES,AGÊNCIAS DE VIAGENS,S,N,R$46.85,R$5.00,R$0.00,R$51.85
9603-3/04,A,SERVIÇO,AGENTE FUNERÁRIO,96,OUTRAS ATIVIDADES DE SERVIÇOS,SERVIÇOS DE FUNERÁRIAS,S,N,R$46.85,R$5.00,R$0.00,R$51.85
9609-2/02,A,SERVIÇO,AGENTE MATRIMONIAL,96,OUTRAS ATIVIDADES DE SERVIÇOS,AGÊNCIAS MATRIMONIAIS,S,N,R$46.85,R$5.00,R$0.00,R$51.85
1412-6/02,A,INDÚSTRIA,ALFAIATE,14,INDÚSTRIAS DE TRANSFORMAÇÃO,"CONFECÇÃO, SOB MEDIDA, DE PEÇAS DO VESTUÁRIO, EXCETO ROUPAS ÍNTIMAS",S,N,R$46.85,R$5.00,R$0.00,R$51.85
4520-0/04,A,COMÉRCIO,ALINHADOR(A) DE PNEUS,45,COMÉRCIO; REPARAÇÃO DE VEÍCULOS AUTOMOTORES E MOTOCICLETAS,SERVIÇOS DE ALINHAMENTO E BALANCEAMENTO DE VEÍCULOS AUTOMOTORES,S,N,R$46.85,R$5.00,R$0.00,R$51.85
9529-1/99,A,SERVIÇO,AMOLADOR(A) DE ARTIGOS DE CUTELARIA,95,OUTRAS ATIVIDADES DE SERVIÇOS,REPARAÇÃO E MANUTENÇÃO DE OUTROS OBJETOS E EQUIPAMENTOS PESSOAIS E DOMÉSTICOS NÃO ESPECIFICADOS ANTERIORMENTE,S,N,R$46.85,R$5.00,R$0.00,R$51.85
9329-8/99,A,SERVIÇO,ANIMADOR(A) DE FESTAS,93,"ARTES, CULTURA, ESPORTE E RECREAÇÃO",OUTRAS ATIVIDADES DE RECREAÇÃO E LAZER NÃO ESPECIFICADAS ANTERIORMENTE,S,N,R$46.85,R$5.00,R$0.00,R$51.85
4785-7/01,A,COMÉRCIO,ANTIQUÁRIO(A),47,COMÉRCIO; REPARAÇÃO DE VEÍCULOS AUTOMOTORES E MOTOCICLETAS,COMÉRCIO VAREJISTA DE ANTIGUIDADES,N,S,R$46.85,R$0.00,R$1.00,R$47.85
0161-0/01,A,SERVIÇO,APLICADOR(A) AGRÍCOLA,1,"AGRICULTURA, PECUÁRIA, PRODUÇÃO FLORESTAL, PESCA E AQÜICULTURA",SERVIÇO DE PULVERIZAÇÃO E CONTROLE DE PRAGAS AGRÍCOLAS,S,N,R$46.85,R$5.00,R$0.00,R$51.85
6399-2/00,A,SERVIÇO,"APURADOR(A), COLETOR(A) E FORNECEDOR(A) DE RECORTES DE MATÉRIAS PUBLICADAS EM JORNAIS E REVISTAS",63,INFORMAÇÃO E COMUNICAÇÃO,OUTRAS ATIVIDADES DE PRESTAÇÃO DE SERVIÇOS DE INFORMAÇÃO NÃO ESPECIFICADAS ANTERIORMENTE,S,N,R$46.85,R$5.00,R$0.00,R$51.85
2599-3/01,A,INDÚSTRIA,ARMADOR(A) DE FERRAGENS NA CONSTRUÇÃO CIVIL,25,INDÚSTRIAS DE TRANSFORMAÇÃO,SERVIÇOS DE CONFECÇÃO DE ARMAÇÕES METÁLICAS PARA A CONSTRUÇÃO,S,N,R$46.85,R$5.00,R$0.00,R$51.85
8211-3/00,A,SERVIÇO,ARQUIVISTA DE DOCUMENTOS,82,ATIVIDADES ADMINISTRATIVAS E SERVIÇOS COMPLEMENTARES,SERVIÇOS COMBINADOS DE ESCRITÓRIO E APOIO ADMINISTRATIVO,S,N,R$46.85,R$5.00,R$0.00,R$51.85
3212-4/00,A,INDÚSTRIA,ARTESÃO(Ã) DE BIJUTERIAS,32,INDÚSTRIAS DE TRANSFORMAÇÃO,FABRICAÇÃO DE BIJUTERIAS E ARTEFATOS SEMELHANTES,N,S,R$46.85,R$0.00,R$1.00,R$47.85
2219-6/00,A,INDÚSTRIA,ARTESÃO(Ã) EM BORRACHA,22,INDÚSTRIAS DE TRANSFORMAÇÃO,FABRICAÇÃO DE ARTEFATOS DE BORRACHA NÃO ESPECIFICADOS ANTERIORMENTE,N,S,R$46.85,R$0.00,R$1.00,R$47.85
2349-4/99,A,INDÚSTRIA,ARTESÃO(Ã) EM CERÂMICA,23,INDÚSTRIAS DE TRANSFORMAÇÃO,FABRICAÇÃO DE PRODUTOS CERÂMICOS NÃO-REFRATÁRIOS NÃO ESPECIFICADOS ANTERIORMENTE,N,S,R$46.85,R$0.00,R$1.00,R$47.85
2330-3/99,A,INDÚSTRIA,ARTESÃO(Ã) EM CIMENTO,23,INDÚSTRIAS DE TRANSFORMAÇÃO,"FABRICAÇÃO DE OUTROS ARTEFATOS E PRODUTOS DE CONCRETO, CIMENTO, FIBROCIMENTO, GESSO E MATERIAIS SEMELHANTES",N,S,R$46.85,R$0.00,R$1.00,R$47.85
1629-3/02,A,INDÚSTRIA,"ARTESÃO(Ã) EM CORTIÇA, BAMBU E AFINS",16,INDÚSTRIAS DE TRANSFORMAÇÃO,"FABRICAÇÃO DE ARTEFATOS DIVERSOS DE CORTIÇA, BAMBU, PALHA, VIME E OUTROS MATERIAIS TRANÇADOS, EXCETO MÓVEIS",N,S,R$46.85,R$0.00,R$1.00,R$47.85
1529-7/00,A,INDÚSTRIA,ARTESÃO(Ã) EM COURO,15,INDÚSTRIAS DE TRANSFORMAÇÃO,FABRICAÇÃO DE ARTEFATOS DE COURO NÃO ESPECIFICADOS ANTERIORMENTE,N,S,R$46.85,R$0.00,R$1.00,R$47.85
2330-3/99,A,INDÚSTRIA,ARTESÃO(Ã) EM GESSO,23,INDÚSTRIAS DE TRANSFORMAÇÃO,"FABRICAÇÃO DE OUTROS ARTEFATOS E PRODUTOS DE CONCRETO, CIMENTO, FIBROCIMENTO, GESSO E MATERIAIS SEMELHANTES",N,S,R$46.85,R$0.00,R$1.00,R$47.85
2399-1/01,A,INDÚSTRIA,"ARTESÃO(Ã) EM LOUÇAS, VIDRO E CRISTAL",23,INDÚSTRIAS DE TRANSFORMAÇÃO,"DECORAÇÃO, LAPIDAÇÃO, GRAVAÇÃO, VITRIFICAÇÃO E OUTROS TRABALHOS EM CERÂMICA, LOUÇA, VIDRO E CRISTAL",S,N,R$46.85,R$5.00,R$0.00,R$51.85
1629-3/01,A,INDÚSTRIA,ARTESÃO(Ã) EM MADEIRA,16,INDÚSTRIAS DE TRANSFORMAÇÃO,"FABRICAÇÃO DE ARTEFATOS DIVERSOS DE MADEIRA, EXCETO MÓVEIS",N,S,R$46.85,R$0.00,R$1.00,R$47.85
2391-5/03,A,INDÚSTRIA,"ARTESÃO(Ã) EM MÁRMORE, GRANITO, ARDÓSIA E OUTRAS PEDRAS",23,INDÚSTRIAS DE TRANSFORMAÇÃO,"APARELHAMENTO DE PLACAS E EXECUÇÃO DE TRABALHOS EM MÁRMORE, GRANITO, ARDÓSIA E OUTRAS PEDRAS",S,S,R$46.85,R$5.00,R$1.00,R$52.85
2599-3/99,A,INDÚSTRIA,ARTESÃO(Ã) EM METAIS,25,INDÚSTRIAS DE TRANSFORMAÇÃO,FABRICAÇÃO DE OUTROS PRODUTOS DE METAL NÃO ESPECIFICADOS ANTERIORMENTE,N,S,R$46.85,R$0.00,R$1.00,R$47.85
3211-6/02,A,INDÚSTRIA,ARTESÃO(Ã) EM METAIS PRECIOSOS,32,INDÚSTRIAS DE TRANSFORMAÇÃO,FABRICAÇÃO DE ARTEFATOS DE JOALHERIA E OURIVESARIA,N,S,R$46.85,R$0.00,R$1.00,R$47.85
3299-0/99,A,INDÚSTRIA,ARTESÃO(Ã) EM OUTROS MATERIAIS,32,INDÚSTRIAS DE TRANSFORMAÇÃO,FABRICAÇÃO DE PRODUTOS DIVERSOS NÃO ESPECIFICADOS ANTERIORMENTE,N,S,R$46.85,R$0.00,R$1.00,R$47.85
1749-4/00,A,INDÚSTRIA,ARTESÃO(Ã) EM PAPEL,17,INDÚSTRIAS DE TRANSFORMAÇÃO,"FABRICAÇÃO DE PRODUTOS DE PASTAS CELULÓSICAS, PAPEL, CARTOLINA, PAPEL-CARTÃO E PAPELÃO ONDULADO NÃO ESPECIFICADOS ANTERIORMENTE",N,S,R$46.85,R$0.00,R$1.00,R$47.85
2229-3/99,A,INDÚSTRIA,ARTESÃO(Ã) EM PLÁSTICO,22,INDÚSTRIAS DE TRANSFORMAÇÃO,FABRICAÇÃO DE ARTEFATOS DE MATERIAL PLÁSTICO PARA OUTROS USOS NÃO ESPECIFICADOS ANTERIORMENTE,N,S,R$46.85,R$0.00,R$1.00,R$47.85
2319-2/00,A,INDÚSTRIA,ARTESÃO(Ã) EM VIDRO,23,INDÚSTRIAS DE TRANSFORMAÇÃO,FABRICAÇÃO DE ARTIGOS DE VIDRO,N,S,R$46.85,R$0.00,R$1.00,R$47.85
9609-2/99,A,SERVIÇO,ASTRÓLOGO(A),96,OUTRAS ATIVIDADES DE SERVIÇOS,OUTRAS ATIVIDADES DE SERVIÇOS PESSOAIS NÃO ESPECIFICADAS ANTERIORMENTE,S,N,R$46.85,R$5.00,R$0.00,R$51.85
4330-4/05,A,SERVIÇO,AZULEJISTA,43,CONSTRUÇÃO,APLICAÇÃO DE REVESTIMENTOS E DE RESINAS EM INTERIORES E EXTERIORES,S,N,R$46.85,R$5.00,R$0.00,R$51.85
4520-0/04,B,COMÉRCIO,BALANCEADOR(A) DE PNEUS,45,COMÉRCIO; REPARAÇÃO DE VEÍCULOS AUTOMOTORES E MOTOCICLETAS,SERVIÇOS DE ALINHAMENTO E BALANCEAMENTO DE VEÍCULOS AUTOMOTORES,S,N,R$46.85,R$5.00,R$0.00,R$51.85
4721-1/04,B,COMÉRCIO,BALEIRO(A),47,COMÉRCIO; REPARAÇÃO DE VEÍCULOS AUTOMOTORES E MOTOCICLETAS,"COMÉRCIO VAREJISTA DE DOCES, BALAS, BOMBONS E SEMELHANTES",N,S,R$46.85,R$0.00,R$1.00,R$47.85
9609-2/08,B,SERVIÇO,BANHISTA DE ANIMAIS DOMÉSTICOS,96,OUTRAS ATIVIDADES DE SERVIÇOS,HIGIENE E EMBELEZAMENTO DE ANIMAIS DOMÉSTICOS,S,N,R$46.85,R$5.00,R$0.00,R$51.85
9602-5/01,B,SERVIÇO,BARBEIRO,96,OUTRAS ATIVIDADES DE SERVIÇOS,"CABELEIREIROS, MANICURE E PEDICURE",S,N,R$46.85,R$5.00,R$0.00,R$51.85
5099-8/99,B,SERVIÇO,BARQUEIRO(A),50,"TRANSPORTE, ARMAZENAGEM E CORREIO",OUTROS TRANSPORTES AQUAVIÁRIOS NÃO ESPECIFICADOS ANTERIORMENTE,S,S,R$46.85,R$5.00,R$1.00,R$52.85
4712-1/00,B,COMÉRCIO,BARRAQUEIRO(A),47,COMÉRCIO; REPARAÇÃO DE VEÍCULOS AUTOMOTORES E MOTOCICLETAS,"COMÉRCIO VAREJISTA DE MERCADORIAS EM GERAL, COM PREDOMINÂNCIA DE PRODUTOS ALIMENTÍCIOS - MINIMERCADOS, MERCEARIAS E ARMAZÉNS",N,S,R$46.85,R$0.00,R$1.00,R$47.85
1031-7/00,B,INDÚSTRIA,BENEFICIADOR(A) DE CASTANHA,10,INDÚSTRIAS DE TRANSFORMAÇÃO,FABRICANTE DE CONSERVAS DE FRUTAS,N,S,R$46.85,R$0.00,R$1.00,R$47.85
5320-2/02,B,SERVIÇO,BIKEBOY (CICLISTA MENSAGEIRO),53,"TRANSPORTE, ARMAZENAGEM E CORREIO",SERVIÇOS DE ENTREGA RÁPIDA,S,N,R$46.85,R$5.00,R$0.00,R$51.85
7319-0/99,B,SERVIÇO,BIKE PROPAGANDISTA,73,"ATIVIDADES PROFISSIONAIS, CIENTÍFICAS E TÉCNICAS",OUTRAS ATIVIDADES DE PUBLICIDADE NÃO ESPECIFICADAS ANTERIORMENTE,S,N,R$46.85,R$5.00,R$0.00,R$51.85
1092-9/00,B,INDÚSTRIA,BOLACHEIRO(A)/BISCOITEIRO(A),10,INDÚSTRIAS DE TRANSFORMAÇÃO,FABRICAÇÃO DE BISCOITOS E BOLACHAS,N,S,R$46.85,R$0.00,R$1.00,R$47.85
4322-3/01,B,SERVIÇO,BOMBEIRO(A) HIDRÁULICO,43,CONSTRUÇÃO,"INSTALAÇÕES HIDRÁULICAS, SANITÁRIAS E DE GÁS",S,N,R$46.85,R$5.00,R$0.00,R$51.85
1414-2/00,B,INDÚSTRIA,BONELEIRO(A) (FABRICANTE DE BONÉS),14,INDÚSTRIAS DE TRANSFORMAÇÃO,"FABRICAÇÃO DE ACESSÓRIOS DO VESTUÁRIO, EXCETO PARA SEGURANÇA E PROTEÇÃO",N,S,R$46.85,R$0.00,R$1.00,R$47.85
1340-5/99,B,INDÚSTRIA,BORDADEIRO(A),13,INDÚSTRIAS DE TRANSFORMAÇÃO,"OUTROS SERVIÇOS DE ACABAMENTO EM FIOS, TECIDOS, ARTEFATOS TÊXTEIS E PEÇAS DO VESTUÁRIO",S,N,R$46.85,R$5.00,R$0.00,R$51.85
4520-0/06,B,COMÉRCIO,BORRACHEIRO(A),45,COMÉRCIO; REPARAÇÃO DE VEÍCULOS AUTOMOTORES E MOTOCICLETAS,SERVIÇOS DE BORRACHARIA PARA VEÍCULOS AUTOMOTORES,S,N,R$46.85,R$5.00,R$0.00,R$51.85
2391-5/01,B,INDÚSTRIA,BRITADOR,23,INDÚSTRIAS DE TRANSFORMAÇÃO,"BRITAMENTO DE PEDRAS, EXCETO ASSOCIADO À EXTRAÇÃO",N,S,R$46.85,R$0.00,R$1.00,R$47.85
9602-5/01,C,SERVIÇO,CABELEIREIRO(A),96,OUTRAS ATIVIDADES DE SERVIÇOS,"CABELEIREIROS, MANICURE E PEDICURE",S,N,R$46.85,R$5.00,R$0.00,R$51.85
4399-1/99,C,SERVIÇO,CALHEIRO (A),43,CONSTRUÇÃO,SERVIÇOS ESPECIALIZADOS PARA CONSTRUÇÃO NÃO ESPECIFICADOS ANTERIORMENTE,S,N,R$46.85,R$5.00,R$0.00,R$51.85
4930-2/02,C,SERVIÇO,"CAMINHONEIRO (A) DE CARGAS NÃO PERIGOSAS, INTERMUNICIPAL E INTERESTADUAL",49,"TRANSPORTE, ARMAZENAGEM E CORREIO","TRANSPORTE RODOVIÁRIO DE CARGA, EXCETO PRODUTOS PERIGOSOS E MUDANÇAS, INTERMUNICIPAL, INTERESTADUAL E INTERNACIONAL",N,S,R$46.85,R$0.00,R$1.00,R$47.85
9001-9/02,C,SERVIÇO,CANTOR(A)/MÚSICO(A) INDEPENDENTE,90,"ARTES, CULTURA, ESPORTE E RECREAÇÃO",PRODUÇÃO MUSICAL,S,N,R$46.85,R$5.00,R$0.00,R$51.85
4520-0/08,C,COMÉRCIO,CAPOTEIRO(A),45,COMÉRCIO; REPARAÇÃO DE VEÍCULOS AUTOMOTORES E MOTOCICLETAS,SERVIÇOS DE CAPOTARIA,S,N,R$46.85,R$5.00,R$0.00,R$51.85
1622-6/99,C,INDÚSTRIA,CARPINTEIRO(A),16,INDÚSTRIAS DE TRANSFORMAÇÃO,FABRICAÇÃO DE OUTROS ARTIGOS DE CARPINTARIA PARA CONSTRUÇÃO,N,S,R$46.85,R$0.00,R$1.00,R$47.85
4330-4/02,C,SERVIÇO,CARPINTEIRO(A) INSTALADOR(A),43,CONSTRUÇÃO,"INSTALAÇÃO DE PORTAS, JANELAS, TETOS, DIVISÓRIAS E ARMÁRIOS EMBUTIDOS DE QUALQUER MATERIAL",S,N,R$46.85,R$5.00,R$0.00,R$51.85
5212-5/00,C,SERVIÇO,CARREGADOR (VEÍCULOS DE TRANSPORTES TERRESTRES),52,"TRANSPORTE, ARMAZENAGEM E CORREIO",CARGA E DESCARGA,S,N,R$46.85,R$5.00,R$0.00,R$51.85
9609-2/99,C,SERVIÇO,CARREGADOR DE MALAS,96,OUTRAS ATIVIDADES DE SERVIÇOS,OUTRAS ATIVIDADES DE SERVIÇOS PESSOAIS NÃO ESPECIFICADAS ANTERIORMENTE,S,N,R$46.85,R$5.00,R$0.00,R$51.85
3811-4/00,C,SERVIÇO,CARROCEIRO - COLETA DE ENTULHOS E RESÍDUOS,38,"ÁGUA, ESGOTO, ATIVIDADES DE GESTÃO DE RESÍDUOS E DESCONTAMINAÇÃO",COLETA DE RESÍDUOS NÃO-PERIGOSOS,S,N,R$46.85,R$5.00,R$0.00,R$51.85
4930-2/01,C,SERVIÇO,CARROCEIRO - TRANSPORTE DE CARGA,49,"TRANSPORTE, ARMAZENAGEM E CORREIO","TRANSPORTE RODOVIÁRIO DE CARGA, EXCETO PRODUTOS PERIGOSOS E MUDANÇAS, MUNICIPAL",S,N,R$46.85,R$5.00,R$0.00,R$51.85
4930-2/04,C,SERVIÇO,CARROCEIRO - TRANSPORTE DE MUDANÇA,49,"TRANSPORTE, ARMAZENAGEM E CORREIO",TRANSPORTE RODOVIÁRIO DE MUDANÇAS,S,S,R$46.85,R$5.00,R$1.00,R$52.85
8299-7/99,C,SERVIÇO,"CARTAZISTA, PINTOR DE FAIXAS PUBLICITÁRIAS E DE LETRAS",82,ATIVIDADES ADMINISTRATIVAS E SERVIÇOS COMPLEMENTARES,OUTRAS ATIVIDADES DE SERVIÇOS PRESTADOS PRINCIPALMENTE ÀS EMPRESAS NÃO ESPECIFICADAS ANTERIORMENTE,S,N,R$46.85,R$5.00,R$0.00,R$51.85
1414-2/00,C,INDÚSTRIA,CHAPELEIRO(A),14,INDÚSTRIAS DE TRANSFORMAÇÃO,"FABRICAÇÃO DE ACESSÓRIOS DO VESTUÁRIO, EXCETO PARA SEGURANÇA E PROTEÇÃO",N,S,R$46.85,R$0.00,R$1.00,R$47.85
9529-1/02,C,SERVIÇO,CHAVEIRO(A),95,OUTRAS ATIVIDADES DE SERVIÇOS,CHAVEIROS,S,N,R$46.85,R$5.00,R$0.00,R$51.85
1093-7/01,C,INDÚSTRIA,CHOCOLATEIRO(A),10,INDÚSTRIAS DE TRANSFORMAÇÃO,FABRICAÇÃO DE PRODUTOS DERIVADOS DO CACAU E DE CHOCOLATES,N,S,R$46.85,R$0.00,R$1.00,R$47.85
5612-1/00,C,SERVIÇO,CHURRASQUEIRO(A) AMBULANTE,56,ALOJAMENTO E ALIMENTAÇÃO,SERVIÇOS AMBULANTES DE ALIMENTAÇÃO,N,S,R$46.85,R$0.00,R$1.00,R$47.85
5620-1/02,C,SERVIÇO,CHURRASQUEIRO(A) EM DOMICÍLIO,56,ALOJAMENTO E ALIMENTAÇÃO,SERVIÇOS DE ALIMENTAÇÃO PARA EVENTOS E RECEPÇÕES - BUFÊ,S,S,R$46.85,R$5.00,R$1.00,R$52.85
1821-1/00,C,INDÚSTRIA,CLICHERISTA,18,INDÚSTRIAS DE TRANSFORMAÇÃO,SERVIÇOS DE PRÉ-IMPRESSÃO,S,N,R$46.85,R$5.00,R$0.00,R$51.85
8291-1/00,C,SERVIÇO,COBRADOR(A) DE DÍVIDAS,82,ATIVIDADES ADMINISTRATIVAS E SERVIÇOS COMPLEMENTARES,ATIVIDADES DE COBRANÇAS E INFORMAÇÕES CADASTRAIS,S,N,R$46.85,R$5.00,R$0.00,R$51.85
3104-7/00,C,INDÚSTRIA,COLCHOEIRO(A),31,INDÚSTRIAS DE TRANSFORMAÇÃO,FABRICAÇÃO DE COLCHÕES,N,S,R$46.85,R$0.00,R$1.00,R$47.85
3811-4/00,C,SERVIÇO,COLETOR DE RESÍDUOS NÃO-PERIGOSOS,38,"ÁGUA, ESGOTO, ATIVIDADES DE GESTÃO DE RESÍDUOS E DESCONTAMINAÇÃO",COLETA DE RESÍDUOS NÃO-PERIGOSOS,S,N,R$46.85,R$5.00,R$0.00,R$51.85
3812-2/00,C,SERVIÇO,COLETOR DE RESÍDUOS PERIGOSOS,38,"ÁGUA, ESGOTO, ATIVIDADES DE GESTÃO DE RESÍDUOS E DESCONTAMINAÇÃO",COLETA DE RESÍDUOS PERIGOSOS,S,N,R$46.85,R$5.00,R$0.00,R$51.85
9609-2/06,C,SERVIÇO,COLOCADOR(A) DE PIERCING,96,OUTRAS ATIVIDADES DE SERVIÇOS,SERVIÇOS DE TATUAGEM E COLOCAÇÃO DE PIERCING,S,N,R$46.85,R$5.00,R$0.00,R$51.85
4330-4/05,C,SERVIÇO,COLOCADOR(A) DE REVESTIMENTOS,43,CONSTRUÇÃO,APLICAÇÃO DE REVESTIMENTOS E DE RESINAS EM INTERIORES E EXTERIORES,S,N,R$46.85,R$5.00,R$0.00,R$51.85
4789-0/05,C,COMÉRCIO,COMERCIANTE DE INSETICIDAS E RATICIDAS,47,COMÉRCIO; REPARAÇÃO DE VEÍCULOS AUTOMOTORES E MOTOCICLETAS,COMÉRCIO VAREJISTA DE PRODUTOS SANEANTES DOMISSANITÁRIOS,N,S,R$46.85,R$0.00,R$1.00,R$47.85
4789-0/05,C,COMÉRCIO,COMERCIANTE DE PRODUTOS PARA PISCINAS,47,COMÉRCIO; REPARAÇÃO DE VEÍCULOS AUTOMOTORES E MOTOCICLETAS,COMÉRCIO VAREJISTA DE PRODUTOS SANEANTES DOMISSANITÁRIOS,N,S,R$46.85,R$0.00,R$1.00,R$47.85
4789-0/04,C,COMÉRCIO,COMERCIANTE DE ANIMAIS VIVOS E DE ARTIGOS E ALIMENTOS PARA ANIMAIS DE ESTIMAÇÃO,47,COMÉRCIO; REPARAÇÃO DE VEÍCULOS AUTOMOTORES E MOTOCICLETAS,COMÉRCIO VAREJISTA DE ANIMAIS VIVOS E DE ARTIGOS E ALIMENTOS PARA ANIMAIS DE ESTIMAÇÃO,N,S,R$46.85,R$0.00,R$1.00,R$47.85
4755-5/02,C,COMÉRCIO,COMERCIANTE DE ARTIGOS DE ARMARINHO,47,COMÉRCIO; REPARAÇÃO DE VEÍCULOS AUTOMOTORES E MOTOCICLETAS,COMERCIO VAREJISTA DE ARTIGOS DE ARMARINHO,N,S,R$46.85,R$0.00,R$1.00,R$47.85
4789-0/99,C,COMÉRCIO,COMERCIANTE DE ARTIGOS DE BEBÊ,47,COMÉRCIO; REPARAÇÃO DE VEÍCULOS AUTOMOTORES E MOTOCICLETAS,COMÉRCIO VAREJISTA DE OUTROS PRODUTOS NÃO ESPECIFICADOS ANTERIORMENTE,N,S,R$46.85,R$0.00,R$1.00,R$47.85
4763-6/04,C,COMÉRCIO,"COMERCIANTE DE ARTIGOS DE CAÇA, PESCA E CAMPING",47,COMÉRCIO; REPARAÇÃO DE VEÍCULOS AUTOMOTORES E MOTOCICLETAS,"COMÉRCIO VAREJISTA DE ARTIGOS DE CAÇA, PESCA E CAMPING",N,S,R$46.85,R$0.00,R$1.00,R$47.85
4755-5/03,C,COMÉRCIO,"COMERCIANTE DE ARTIGOS DE CAMA, MESA E BANHO",47,COMÉRCIO; REPARAÇÃO DE VEÍCULOS AUTOMOTORES E MOTOCICLETAS,"COMERCIO VAREJISTA DE ARTIGOS DE CAMA, MESA E BANHO",N,S,R$46.85,R$0.00,R$1.00,R$47.85
4754-7/02,C,COMÉRCIO,COMERCIANTE DE ARTIGOS DE COLCHOARIA,47,COMÉRCIO; REPARAÇÃO DE VEÍCULOS AUTOMOTORES E MOTOCICLETAS,COMÉRCIO VAREJISTA DE ARTIGOS DE COLCHOARIA,N,S,R$46.85,R$0.00,R$1.00,R$47.85
4759-8/99,C,COMÉRCIO,COMERCIANTE DE ARTIGOS DE CUTELARIA,47,COMÉRCIO; REPARAÇÃO DE VEÍCULOS AUTOMOTORES E MOTOCICLETAS,COMÉRCIO VAREJISTA DE OUTROS ARTIGOS DE USO PESSOAL E DOMÉSTICO NÃO ESPECIFICADOS ANTERIORMENTE,N,S,R$46.85,R$0.00,R$1.00,R$47.85
4754-7/03,C,COMÉRCIO,COMERCIANTE DE ARTIGOS DE ILUMINAÇÃO,47,COMÉRCIO; REPARAÇÃO DE VEÍCULOS AUTOMOTORES E MOTOCICLETAS,COMÉRCIO VAREJISTA DE ARTIGOS DE ILUMINAÇÃO,N,S,R$46.85,R$0.00,R$1.00,R$47.85
4783-1/01,C,COMÉRCIO,COMERCIANTE DE ARTIGOS DE JOALHERIA,47,COMÉRCIO; REPARAÇÃO DE VEÍCULOS AUTOMOTORES E MOTOCICLETAS,COMÉRCIO VAREJISTA DE ARTIGOS DE JOALHERIA,N,S,R$46.85,R$0.00,R$1.00,R$47.85
4774-1/00,C,COMÉRCIO,COMERCIANTE DE ARTIGOS DE ÓPTICA,47,COMÉRCIO; REPARAÇÃO DE VEÍCULOS AUTOMOTORES E MOTOCICLETAS,COMÉRCIO VAREJISTA DE ARTIGOS DE ÓPTICA,N,S,R$46.85,R$0.00,R$1.00,R$47.85
4783-1/02,C,COMÉRCIO,COMERCIANTE DE ARTIGOS DE RELOJOARIA,47,COMÉRCIO; REPARAÇÃO DE VEÍCULOS AUTOMOTORES E MOTOCICLETAS,COMÉRCIO VAREJISTA DE ARTIGOS DE RELOJOARIA,N,S,R$46.85,R$0.00,R$1.00,R$47.85
4759-8/01,C,COMÉRCIO,"COMERCIANTE DE ARTIGOS DE TAPEÇARIA, CORTINAS E PERSIANAS",47,COMÉRCIO; REPARAÇÃO DE VEÍCULOS AUTOMOTORES E MOTOCICLETAS,"COMÉRCIO VAREJISTA DE ARTIGOS DE TAPEÇARIA, CORTINAS E PERSIANAS",N,S,R$46.85,R$0.00,R$1.00,R$47.85
4782-2/02,C,COMÉRCIO,COMERCIANTE DE ARTIGOS DE VIAGEM,47,COMÉRCIO; REPARAÇÃO DE VEÍCULOS AUTOMOTORES E MOTOCICLETAS,COMÉRCIO VAREJISTA DE ARTIGOS DE VIAGEM,N,S,R$46.85,R$0.00,R$1.00,R$47.85
4781-4/00,C,COMÉRCIO,COMERCIANTE DE ARTIGOS DO VESTUÁRIO E ACESSÓRIOS,47,COMÉRCIO; REPARAÇÃO DE VEÍCULOS AUTOMOTORES E MOTOCICLETAS,COMÉRCIO VAREJISTA DE ARTIGOS DO VESTUÁRIO E ACESSÓRIOS,N,S,R$46.85,R$0.00,R$1.00,R$47.85
4789-0/99,C,COMÉRCIO,COMERCIANTE DE ARTIGOS ERÓTICOS,47,COMÉRCIO; REPARAÇÃO DE VEÍCULOS AUTOMOTORES E MOTOCICLETAS,COMÉRCIO VAREJISTA DE OUTROS PRODUTOS NÃO ESPECIFICADOS ANTERIORMENTE,N,S,R$46.85,R$0.00,R$1.00,R$47.85
4763-6/02,C,COMÉRCIO,COMERCIANTE DE ARTIGOS ESPORTIVOS,47,COMÉRCIO; REPARAÇÃO DE VEÍCULOS AUTOMOTORES E MOTOCICLETAS,COMÉRCIO VAREJISTA DE ARTIGOS ESPORTIVOS,N,S,R$46.85,R$0.00,R$1.00,R$47.85
4789-0/08,C,COMÉRCIO,COMERCIANTE DE ARTIGOS FOTOGRÁFICOS E PARA FILMAGEM,47,COMÉRCIO; REPARAÇÃO DE VEÍCULOS AUTOMOTORES E MOTOCICLETAS,COMÉRCIO VAREJISTA DE ARTIGOS FOTOGRÁFICOS E PARA FILMAGEM,N,S,R$46.85,R$0.00,R$1.00,R$47.85
4789-0/99,C,COMÉRCIO,COMERCIANTE DE ARTIGOS FUNERÁRIOS,47,COMÉRCIO; REPARAÇÃO DE VEÍCULOS AUTOMOTORES E MOTOCICLETAS,COMÉRCIO VAREJISTA DE OUTROS PRODUTOS NÃO ESPECIFICADOS ANTERIORMENTE,N,S,R$46.85,R$0.00,R$1.00,R$47.85
4773-3/00,C,COMÉRCIO,COMERCIANTE DE ARTIGOS MÉDICOS E ORTOPÉDICOS,47,COMÉRCIO; REPARAÇÃO DE VEÍCULOS AUTOMOTORES E MOTOCICLETAS,COMÉRCIO VAREJISTA DE ARTIGOS MÉDICOS E ORTOPÉDICOS,N,S,R$46.85,R$0.00,R$1.00,R$47.85
4759-8/99,C,COMÉRCIO,COMERCIANTE DE ARTIGOS PARA HABITAÇÃO,47,COMÉRCIO; REPARAÇÃO DE VEÍCULOS AUTOMOTORES E MOTOCICLETAS,COMÉRCIO VAREJISTA DE OUTROS ARTIGOS DE USO PESSOAL E DOMÉSTICO NÃO ESPECIFICADOS ANTERIORMENTE,N,S,R$46.85,R$0.00,R$1.00,R$47.85
4785-7/99,C,COMÉRCIO,COMERCIANTE DE ARTIGOS USADOS,47,COMÉRCIO; REPARAÇÃO DE VEÍCULOS AUTOMOTORES E MOTOCICLETAS,COMÉRCIO VAREJISTA DE OUTROS ARTIGOS USADOS,N,S,R$46.85,R$0.00,R$1.00,R$47.85
4723-7/00,C,COMÉRCIO,COMERCIANTE DE BEBIDAS,47,COMÉRCIO; REPARAÇÃO DE VEÍCULOS AUTOMOTORES E MOTOCICLETAS,COMÉRCIO VAREJISTA DE BEBIDAS,N,S,R$46.85,R$0.00,R$1.00,R$47.85
4763-6/03,C,COMÉRCIO,COMERCIANTE DE BICICLETAS E TRICICLOS; PEÇAS E ACESSÓRIOS,47,COMÉRCIO; REPARAÇÃO DE VEÍCULOS AUTOMOTORES E MOTOCICLETAS,COMÉRCIO VAREJISTA DE BICICLETAS E TRICICLOS; PEÇAS E ACESSÓRIOS,N,S,R$46.85,R$0.00,R$1.00,R$47.85
4789-0/01,C,COMÉRCIO,"COMERCIANTE DE SUVENIRES, BIJUTERIAS E ARTESANATOS",47,COMÉRCIO; REPARAÇÃO DE VEÍCULOS AUTOMOTORES E MOTOCICLETAS,"COMÉRCIO VAREJISTA DE SUVENIRES, BIJUTERIAS E ARTESANATOS",N,S,R$46.85,R$0.00,R$1.00,R$47.85
4763-6/01,C,COMÉRCIO,COMERCIANTE DE BRINQUEDOS E ARTIGOS RECREATIVOS,47,COMÉRCIO; REPARAÇÃO DE VEÍCULOS AUTOMOTORES E MOTOCICLETAS,COMÉRCIO VAREJISTA DE BRINQUEDOS E ARTIGOS RECREATIVOS,N,S,R$46.85,R$0.00,R$1.00,R$47.85
4744-0/04,C,COMÉRCIO,"COMERCIANTE DE CAL, AREIA, PEDRA BRITADA, TIJOLOS E TELHAS",47,COMÉRCIO; REPARAÇÃO DE VEÍCULOS AUTOMOTORES E MOTOCICLETAS,"COMÉRCIO VAREJISTA DE CAL, AREIA, PEDRA BRITADA, TIJOLOS E TELHAS",N,S,R$46.85,R$0.00,R$1.00,R$47.85
4782-2/01,C,COMÉRCIO,COMERCIANTE DE CALÇADOS,47,COMÉRCIO; REPARAÇÃO DE VEÍCULOS AUTOMOTORES E MOTOCICLETAS,COMÉRCIO VAREJISTA DE CALÇADOS,N,S,R$46.85,R$0.00,R$1.00,R$47.85
4789-0/99,C,COMÉRCIO,COMERCIANTE DE CARVÃO E LENHA,47,COMÉRCIO; REPARAÇÃO DE VEÍCULOS AUTOMOTORES E MOTOCICLETAS,COMÉRCIO VAREJISTA DE OUTROS PRODUTOS NÃO ESPECIFICADOS ANTERIORMENTE,N,S,R$46.85,R$0.00,R$1.00,R$47.85
4729-6/99,C,COMÉRCIO,COMERCIANTE DE CESTAS DE CAFÉ DA MANHÃ,47,COMÉRCIO; REPARAÇÃO DE VEÍCULOS AUTOMOTORES E MOTOCICLETAS,COMÉRCIO VAREJISTA DE PRODUTOS ALIMENTÍCIOS EM GERAL OU ESPECIALIZADO EM PRODUTOS ALIMENTÍCIOS NÃO ESPECIFICADOS ANTERIORMENTE,N,S,R$46.85,R$0.00,R$1.00,R$47.85
4772-5/00,C,COMÉRCIO,COMERCIANTE DE COSMÉTICOS E ARTIGOS DE PERFUMARIA,47,COMÉRCIO; REPARAÇÃO DE VEÍCULOS AUTOMOTORES E MOTOCICLETAS,"COMÉRCIO VAREJISTA DE COSMÉTICOS, PRODUTOS DE PERFUMARIA E DE HIGIENE PESSOAL",N,S,R$46.85,R$0.00,R$1.00,R$47.85
4762-8/00,C,COMÉRCIO,"COMERCIANTE DE DISCOS, CDS, DVDS E FITAS",47,COMÉRCIO; REPARAÇÃO DE VEÍCULOS AUTOMOTORES E MOTOCICLETAS,"COMÉRCIO VAREJISTA DE DISCOS, CDS, DVDS E FITAS",N,S,R$46.85,R$0.00,R$1.00,R$47.85
4753-9/00,C,COMÉRCIO,COMERCIANTE DE ELETRODOMÉSTICOS E EQUIPAMENTOS DE ÁUDIO E VÍDEO,47,COMÉRCIO; REPARAÇÃO DE VEÍCULOS AUTOMOTORES E MOTOCICLETAS,COMÉRCIO VAREJISTA ESPECIALIZADO DE ELETRODOMÉSTICOS E EQUIPAMENTOS DE ÁUDIO E VÍDEO,N,S,R$46.85,R$0.00,R$1.00,R$47.85
4789-0/99,C,COMÉRCIO,COMERCIANTE DE EMBALAGENS,47,COMÉRCIO; REPARAÇÃO DE VEÍCULOS AUTOMOTORES E MOTOCICLETAS,COMÉRCIO VAREJISTA DE OUTROS PRODUTOS NÃO ESPECIFICADOS ANTERIORMENTE,N,S,R$46.85,R$0.00,R$1.00,R$47.85
4752-1/00,C,COMÉRCIO,COMERCIANTE DE EQUIPAMENTOS DE TELEFONIA E COMUNICAÇÃO,47,COMÉRCIO; REPARAÇÃO DE VEÍCULOS AUTOMOTORES E MOTOCICLETAS,COMÉRCIO VAREJISTA ESPECIALIZADO DE EQUIPAMENTOS DE TELEFONIA E COMUNICAÇÃO,N,S,R$46.85,R$0.00,R$1.00,R$47.85
4751-2/01,C,COMÉRCIO,COMERCIANTE DE EQUIPAMENTOS E SUPRIMENTOS DE INFORMÁTICA,47,COMÉRCIO; REPARAÇÃO DE VEÍCULOS AUTOMOTORES E MOTOCICLETAS,COMÉRCIO VAREJISTA ESPECIALIZADO DE EQUIPAMENTOS E SUPRIMENTOS DE INFORMÁTICA,N,S,R$46.85,R$0.00,R$1.00,R$47.85
4789-0/07,C,COMÉRCIO,COMERCIANTE DE EQUIPAMENTOS PARA ESCRITÓRIO,47,COMÉRCIO; REPARAÇÃO DE VEÍCULOS AUTOMOTORES E MOTOCICLETAS,COMÉRCIO VAREJISTA DE EQUIPAMENTOS PARA ESCRITÓRIO,N,S,R$46.85,R$0.00,R$1.00,R$47.85
4789-0/99,C,COMÉRCIO,COMERCIANTE DE EXTINTORES DE INCÊNDIO,47,COMÉRCIO; REPARAÇÃO DE VEÍCULOS AUTOMOTORES E MOTOCICLETAS,COMÉRCIO VAREJISTA DE OUTROS PRODUTOS NÃO ESPECIFICADOS ANTERIORMENTE,N,S,R$46.85,R$0.00,R$1.00,R$47.85
4744-0/01,C,COMÉRCIO,COMERCIANTE DE FERRAGENS E FERRAMENTAS,47,COMÉRCIO; REPARAÇÃO DE VEÍCULOS AUTOMOTORES E MOTOCICLETAS,COMÉRCIO VAREJISTA DE FERRAGENS E FERRAMENTAS,N,S,R$46.85,R$0.00,R$1.00,R$47.85
4789-0/99,C,COMÉRCIO,"COMERCIANTE DE FLORES, PLANTAS E FRUTAS ARTIFICIAIS",47,COMÉRCIO; REPARAÇÃO DE VEÍCULOS AUTOMOTORES E MOTOCICLETAS,COMÉRCIO VAREJISTA DE OUTROS PRODUTOS NÃO ESPECIFICADOS ANTERIORMENTE,N,S,R$46.85,R$0.00,R$1.00,R$47.85
4789-0/06,C,COMÉRCIO,COMERCIANTE DE FOGOS DE ARTIFÍCIO,47,COMÉRCIO; REPARAÇÃO DE VEÍCULOS AUTOMOTORES E MOTOCICLETAS,COMÉRCIO VAREJISTA DE FOGOS DE ARTIFÍCIO E ARTIGOS PIROTÉCNICOS,N,S,R$46.85,R$0.00,R$1.00,R$47.85
4784-9/00,C,COMÉRCIO,COMERCIANTE DE GÁS LIQUEFEITO DE PETRÓLEO (GLP),47,COMÉRCIO; REPARAÇÃO DE VEÍCULOS AUTOMOTORES E MOTOCICLETAS,COMÉRCIO VAREJISTA DE GÁS LIQUEFEITO DE PETRÓLEO (GLP),N,S,R$46.85,R$0.00,R$1.00,R$47.85
4756-3/00,C,COMÉRCIO,COMERCIANTE DE INSTRUMENTOS MUSICAIS E ACESSÓRIOS,47,COMÉRCIO; REPARAÇÃO DE VEÍCULOS AUTOMOTORES E MOTOCICLETAS,COMÉRCIO VAREJISTA ESPECIALIZADO DE INSTRUMENTOS MUSICAIS E ACESSÓRIOS,N,S,R$46.85,R$0.00,R$1.00,R$47.85
4721-1/03,C,COMÉRCIO,COMERCIANTE DE LATICÍNIOS,47,COMÉRCIO; REPARAÇÃO DE VEÍCULOS AUTOMOTORES E MOTOCICLETAS,COMÉRCIO VAREJISTA DE LATICÍNIOS E FRIOS,N,S,R$46.85,R$0.00,R$1.00,R$47.85
4732-6/00,C,COMÉRCIO,COMERCIANTE DE LUBRIFICANTES,47,COMÉRCIO; REPARAÇÃO DE VEÍCULOS AUTOMOTORES E MOTOCICLETAS,COMÉRCIO VAREJISTA DE LUBRIFICANTES,N,S,R$46.85,R$0.00,R$1.00,R$47.85
4744-0/02,C,COMÉRCIO,COMERCIANTE DE MADEIRA E ARTEFATOS,47,COMÉRCIO; REPARAÇÃO DE VEÍCULOS AUTOMOTORES E MOTOCICLETAS,COMÉRCIO VAREJISTA DE MADEIRA E ARTEFATOS,N,S,R$46.85,R$0.00,R$1.00,R$47.85
4744-0/99,C,COMÉRCIO,COMERCIANTE DE MATERIAIS DE CONSTRUÇÃO EM GERAL,47,COMÉRCIO; REPARAÇÃO DE VEÍCULOS AUTOMOTORES E MOTOCICLETAS,COMÉRCIO VAREJISTA DE MATERIAIS DE CONSTRUÇÃO EM GERAL,N,S,R$46.85,R$0.00,R$1.00,R$47.85
4744-0/03,C,COMÉRCIO,COMERCIANTE DE MATERIAIS HIDRÁULICOS,47,COMÉRCIO; REPARAÇÃO DE VEÍCULOS AUTOMOTORES E MOTOCICLETAS,COMÉRCIO VAREJISTA DE MATERIAIS HIDRÁULICOS,N,S,R$46.85,R$0.00,R$1.00,R$47.85
4742-3/00,C,COMÉRCIO,COMERCIANTE DE MATERIAL ELÉTRICO,47,COMÉRCIO; REPARAÇÃO DE VEÍCULOS AUTOMOTORES E MOTOCICLETAS,COMÉRCIO VAREJISTA DE MATERIAL ELÉTRICO,N,S,R$46.85,R$0.00,R$1.00,R$47.85
4771-7/04,C,COMÉRCIO,COMERCIANTE DE MEDICAMENTOS VETERINÁRIOS,47,COMÉRCIO; REPARAÇÃO DE VEÍCULOS AUTOMOTORES E MOTOCICLETAS,COMÉRCIO VAREJISTA DE MEDICAMENTOS VETERINÁRIOS,N,S,R$46.85,R$0.00,R$1.00,R$47.85
4713-0/02,C,COMÉRCIO,COMERCIANTE DE MIUDEZAS E QUINQUILHARIAS,47,COMÉRCIO; REPARAÇÃO DE VEÍCULOS AUTOMOTORES E MOTOCICLETAS,"LOJAS DE VARIEDADES, EXCETO LOJAS DE DEPARTAMENTOS OU MAGAZINES",N,S,R$46.85,R$0.00,R$1.00,R$47.85
4789-0/99,C,COMÉRCIO,COMERCIANTE DE MOLDURAS E QUADROS,47,COMÉRCIO; REPARAÇÃO DE VEÍCULOS AUTOMOTORES E MOTOCICLETAS,COMÉRCIO VAREJISTA DE OUTROS PRODUTOS NÃO ESPECIFICADOS ANTERIORMENTE,N,S,R$46.85,R$0.00,R$1.00,R$47.85
4754-7/01,C,COMÉRCIO,COMERCIANTE DE MÓVEIS,47,COMÉRCIO; REPARAÇÃO DE VEÍCULOS AUTOMOTORES E MOTOCICLETAS,COMÉRCIO VAREJISTA DE MÓVEIS,N,S,R$46.85,R$0.00,R$1.00,R$47.85
4789-0/03,C,COMÉRCIO,COMERCIANTE DE OBJETOS DE ARTE,47,COMÉRCIO; REPARAÇÃO DE VEÍCULOS AUTOMOTORES E MOTOCICLETAS,COMÉRCIO VAREJISTA DE OBJETOS DE ARTE,N,S,R$46.85,R$0.00,R$1.00,R$47.85
4530-7/03,C,COMÉRCIO,COMERCIANTE DE PEÇAS E ACESSÓRIOS NOVOS PARA VEÍCULOS AUTOMOTORES,45,COMÉRCIO; REPARAÇÃO DE VEÍCULOS AUTOMOTORES E MOTOCICLETAS,COMÉRCIO A VAREJO DE PEÇAS E ACESSÓRIOS NOVOS PARA VEÍCULOS AUTOMOTORES,N,S,R$46.85,R$0.00,R$1.00,R$47.85
4757-1/00,C,COMÉRCIO,COMERCIANTE DE PEÇAS E ACESSÓRIOS PARA APARELHOS ELETROELETRÔNICOS PARA USO DOMÉSTICO,47,COMÉRCIO; REPARAÇÃO DE VEÍCULOS AUTOMOTORES E MOTOCICLETAS,"COMÉRCIO VAREJISTA ESPECIALIZADO DE PEÇAS E ACESSÓRIOS PARA APARELHOS ELETROELETRÔNICOS PARA USO DOMÉSTICO, EXCETO INFORMÁTICA E COMUNICAÇÃO",N,S,R$46.85,R$0.00,R$1.00,R$47.85
4541-2/05,C,COMÉRCIO,COMERCIANTE DE PEÇAS E ACESSÓRIOS PARA MOTOCICLETAS E MOTONETAS,45,COMÉRCIO; REPARAÇÃO DE VEÍCULOS AUTOMOTORES E MOTOCICLETAS,COMÉRCIO A VAREJO DE PEÇAS E ACESSÓRIOS PARA MOTOCICLETAS E MOTONETAS,N,S,R$46.85,R$0.00,R$1.00,R$47.85
4530-7/04,C,COMÉRCIO,COMERCIANTE DE PEÇAS E ACESSÓRIOS USADOS PARA VEÍCULOS AUTOMOTORES,45,COMÉRCIO; REPARAÇÃO DE VEÍCULOS AUTOMOTORES E MOTOCICLETAS,COMÉRCIO A VAREJO DE PEÇAS E ACESSÓRIOS USADOS PARA VEÍCULOS AUTOMOTORES,N,S,R$46.85,R$0.00,R$1.00,R$47.85
4789-0/99,C,COMÉRCIO,COMERCIANTE DE PERUCAS,47,COMÉRCIO; REPARAÇÃO DE VEÍCULOS AUTOMOTORES E MOTOCICLETAS,COMÉRCIO VAREJISTA DE OUTROS PRODUTOS NÃO ESPECIFICADOS ANTERIORMENTE,N,S,R$46.85,R$0.00,R$1.00,R$47.85
4789-0/02,C,COMÉRCIO,"COMERCIANTE DE PLANTAS, FLORES NATURAIS, VASOS E ADUBOS",47,COMÉRCIO; REPARAÇÃO DE VEÍCULOS AUTOMOTORES E MOTOCICLETAS,COMÉRCIO VAREJISTA DE PLANTAS E FLORES NATURAIS,N,S,R$46.85,R$0.00,R$1.00,R$47.85
4530-7/05,C,COMÉRCIO,COMERCIANTE DE PNEUMÁTICOS E CÂMARAS-DE-AR,45,COMÉRCIO; REPARAÇÃO DE VEÍCULOS AUTOMOTORES E MOTOCICLETAS,COMÉRCIO A VAREJO DE PNEUMÁTICOS E CÂMARAS-DE-AR,N,S,R$46.85,R$0.00,R$1.00,R$47.85
4772-5/00,C,COMÉRCIO,COMERCIANTE DE PRODUTOS DE HIGIENE PESSOAL,47,COMÉRCIO; REPARAÇÃO DE VEÍCULOS AUTOMOTORES E MOTOCICLETAS,"COMÉRCIO VAREJISTA DE COSMÉTICOS, PRODUTOS DE PERFUMARIA E DE HIGIENE PESSOAL",N,S,R$46.85,R$0.00,R$1.00,R$47.85
4789-0/05,C,COMÉRCIO,COMERCIANTE DE PRODUTOS DE LIMPEZA,47,COMÉRCIO; REPARAÇÃO DE VEÍCULOS AUTOMOTORES E MOTOCICLETAS,COMÉRCIO VAREJISTA DE PRODUTOS SANEANTES DOMISSANITÁRIOS,N,S,R$46.85,R$0.00,R$1.00,R$47.85
4721-1/02,C,COMÉRCIO,COMERCIANTE DE PRODUTOS DE PANIFICAÇÃO,47,COMÉRCIO; REPARAÇÃO DE VEÍCULOS AUTOMOTORES E MOTOCICLETAS,PADARIA E CONFEITARIA COM PREDOMINÂNCIA DE REVENDA,N,S,R$46.85,R$0.00,R$1.00,R$47.85
4729-6/01,C,COMÉRCIO,COMERCIANTE DE PRODUTOS DE TABACARIA,47,COMÉRCIO; REPARAÇÃO DE VEÍCULOS AUTOMOTORES E MOTOCICLETAS,TABACARIA,N,S,R$46.85,R$0.00,R$1.00,R$47.85
4771-7/03,C,COMÉRCIO,COMERCIANTE DE PRODUTOS FARMACÊUTICOS HOMEOPÁTICOS,47,COMÉRCIO; REPARAÇÃO DE VEÍCULOS AUTOMOTORES E MOTOCICLETAS,COMÉRCIO VAREJISTA DE PRODUTOS FARMACÊUTICOS HOMEOPÁTICOS,N,S,R$46.85,R$0.00,R$1.00,R$47.85
4771-7/01,C,COMÉRCIO,"COMERCIANTE DE PRODUTOS FARMACÊUTICOS, SEM MANIPULAÇÃO DE FÓRMULAS",47,COMÉRCIO; REPARAÇÃO DE VEÍCULOS AUTOMOTORES E MOTOCICLETAS,"COMÉRCIO VAREJISTA DE PRODUTOS FARMACÊUTICOS, SEM MANIPULAÇÃO DE FÓRMULAS",N,S,R$46.85,R$0.00,R$1.00,R$47.85
4729-6/99,C,COMÉRCIO,COMERCIANTE DE PRODUTOS NATURAIS,47,COMÉRCIO; REPARAÇÃO DE VEÍCULOS AUTOMOTORES E MOTOCICLETAS,COMÉRCIO VAREJISTA DE PRODUTOS ALIMENTÍCIOS EM GERAL OU ESPECIALIZADO EM PRODUTOS ALIMENTÍCIOS NÃO ESPECIFICADOS ANTERIORMENTE,N,S,R$46.85,R$0.00,R$1.00,R$47.85
4789-0/99,C,COMÉRCIO,COMERCIANTE DE PRODUTOS PARA FESTAS E NATAL,47,COMÉRCIO; REPARAÇÃO DE VEÍCULOS AUTOMOTORES E MOTOCICLETAS,COMÉRCIO VAREJISTA DE OUTROS PRODUTOS NÃO ESPECIFICADOS ANTERIORMENTE,N,S,R$46.85,R$0.00,R$1.00,R$47.85
4789-0/99,C,COMÉRCIO,COMERCIANTE DE PRODUTOS RELIGIOSOS,47,COMÉRCIO; REPARAÇÃO DE VEÍCULOS AUTOMOTORES E MOTOCICLETAS,COMÉRCIO VAREJISTA DE OUTROS PRODUTOS NÃO ESPECIFICADOS ANTERIORMENTE,N,S,R$46.85,R$0.00,R$1.00,R$47.85
4789-0/99,C,COMÉRCIO,COMERCIANTE DE REDES PARA DORMIR,47,COMÉRCIO; REPARAÇÃO DE VEÍCULOS AUTOMOTORES E MOTOCICLETAS,COMÉRCIO VAREJISTA DE OUTROS PRODUTOS NÃO ESPECIFICADOS ANTERIORMENTE,N,S,R$46.85,R$0.00,R$1.00,R$47.85
4759-8/99,C,COMÉRCIO,COMERCIANTE DE SISTEMA DE SEGURANÇA RESIDENCIAL,47,COMÉRCIO; REPARAÇÃO DE VEÍCULOS AUTOMOTORES E MOTOCICLETAS,COMÉRCIO VAREJISTA DE OUTROS ARTIGOS DE USO PESSOAL E DOMÉSTICO NÃO ESPECIFICADOS ANTERIORMENTE,N,S,R$46.85,R$0.00,R$1.00,R$47.85
4755-5/01,C,COMÉRCIO,COMERCIANTE DE TECIDOS,47,COMÉRCIO; REPARAÇÃO DE VEÍCULOS AUTOMOTORES E MOTOCICLETAS,COMÉRCIO VAREJISTA DE TECIDOS,N,S,R$46.85,R$0.00,R$1.00,R$47.85
4741-5/00,C,COMÉRCIO,COMERCIANTE DE TINTAS E MATERIAIS PARA PINTURA,47,COMÉRCIO; REPARAÇÃO DE VEÍCULOS AUTOMOTORES E MOTOCICLETAS,COMÉRCIO VAREJISTA DE TINTAS E MATERIAIS PARA PINTURA,N,S,R$46.85,R$0.00,R$1.00,R$47.85
4759-8/99,C,COMÉRCIO,COMERCIANTE DE TOLDOS E PAPEL DE PAREDE,47,COMÉRCIO; REPARAÇÃO DE VEÍCULOS AUTOMOTORES E MOTOCICLETAS,COMÉRCIO VAREJISTA DE OUTROS ARTIGOS DE USO PESSOAL E DOMÉSTICO NÃO ESPECIFICADOS ANTERIORMENTE,N,S,R$46.85,R$0.00,R$1.00,R$47.85
4743-1/00,C,COMÉRCIO,COMERCIANTE DE VIDROS,47,COMÉRCIO; REPARAÇÃO DE VEÍCULOS AUTOMOTORES E MOTOCICLETAS,COMÉRCIO VAREJISTA DE VIDROS,N,S,R$46.85,R$0.00,R$1.00,R$47.85
1031-7/00,C,INDÚSTRIA,COMPOTEIRO(A),10,INDÚSTRIAS DE TRANSFORMAÇÃO,FABRICAÇÃO DE CONSERVAS DE FRUTAS,N,S,R$46.85,R$0.00,R$1.00,R$47.85
3299-0/02,C,INDÚSTRIA,CONFECCIONADOR(A) DE CARIMBOS,32,INDÚSTRIAS DE TRANSFORMAÇÃO,"FABRICAÇÃO DE CANETAS, LÁPIS E OUTROS ARTIGOS PARA ESCRITÓRIO",N,S,R$46.85,R$0.00,R$1.00,R$47.85
1742-7/01,C,INDÚSTRIA,CONFECCIONADOR(A) DE FRALDAS DESCARTÁVEIS,17,INDÚSTRIAS DE TRANSFORMAÇÃO,FABRICAÇÃO DE FRALDAS DESCARTÁVEIS,N,S,R$46.85,R$0.00,R$1.00,R$47.85
1091-1/02,C,INDÚSTRIA,CONFEITEIRO(A),10,INDÚSTRIAS DE TRANSFORMAÇÃO,FABRICAÇÃO DE PRODUTOS DE PADARIA E CONFEITARIA COM PREDOMINÂNCIA DE PRODUÇÃO PRÓPRIA.,N,S,R$46.85,R$0.00,R$1.00,R$47.85
6920-6/01,C,SERVIÇO,CONTADOR(A)/TÉCNICO(A) CONTÁBIL,69,"ATIVIDADES PROFISSIONAIS, CIENTÍFICAS E TÉCNICAS",ATIVIDADES DE CONTABILIDADE,S,N,R$46.85,R$5.00,R$0.00,R$51.85
1412-6/01,C,INDÚSTRIA,"COSTUREIRO(A) DE ROUPAS, EXCETO SOB MEDIDA",14,INDÚSTRIAS DE TRANSFORMAÇÃO,"CONFECÇÃO DE PEÇAS DE VESTUÁRIO, EXCETO ROUPAS ÍNTIMAS E AS CONFECCIONADAS SOB MEDIDA",S,S,R$46.85,R$5.00,R$1.00,R$52.85
1412-6/02,C,INDÚSTRIA,"COSTUREIRO(A) DE ROUPAS, SOB MEDIDA",14,INDÚSTRIAS DE TRANSFORMAÇÃO,"CONFECÇÃO, SOB MEDIDA, DE PEÇAS DO VESTUÁRIO, EXCETO ROUPAS ÍNTIMAS",S,N,R$46.85,R$5.00,R$0.00,R$51.85
9603-3/03,C,SERVIÇO,COVEIRO,96,OUTRAS ATIVIDADES DE SERVIÇOS,SERVIÇOS DE SEPULTAMENTO,S,N,R$46.85,R$5.00,R$0.00,R$51.85
5620-1/04,C,SERVIÇO,COZINHEIRO(A) QUE FORNECE REFEIÇÕES PRONTAS E EMBALADAS PARA CONSUMO,56,ALOJAMENTO E ALIMENTAÇÃO,FORNECIMENTO DE ALIMENTOS PREPARADOS PREPONDERANTEMENTE PARA CONSUMO DOMICILIAR,N,S,R$46.85,R$0.00,R$1.00,R$47.85
0159-8/02,C,SERVIÇO,CRIADOR(A) DE ANIMAIS DOMÉSTICOS,1,"AGRICULTURA, PECUÁRIA, PRODUÇÃO FLORESTAL, PESCA E AQÜICULTURA",CRIAÇÃO DE ANIMAIS DE ESTIMAÇÃO,N,S,R$46.85,R$0.00,R$1.00,R$47.85
0322-1/04,C,COMÉRCIO,CRIADOR(A) DE PEIXES ORNAMENTAIS EM ÁGUA DOCE,3,"AGRICULTURA, PECUÁRIA, PRODUÇÃO FLORESTAL, PESCA E AQÜICULTURA",CRIAÇÃO DE PEIXES ORNAMENTAIS EM ÁGUA DOCE,N,S,R$46.85,R$0.00,R$1.00,R$47.85
0321-3/04,C,COMÉRCIO,CRIADOR(A) DE PEIXES ORNAMENTAIS EM ÁGUA SALGADA,3,"AGRICULTURA, PECUÁRIA, PRODUÇÃO FLORESTAL, PESCA E AQÜICULTURA",CRIAÇÃO DE PEIXES ORNAMENTAIS EM ÁGUA SALGADA E SALOBRA,N,S,R$46.85,R$0.00,R$1.00,R$47.85
1422-3/00,C,INDÚSTRIA,CROCHETEIRO(A),14,INDÚSTRIAS DE TRANSFORMAÇÃO,"FABRICAÇÃO DE ARTIGOS DO VESTUÁRIO, PRODUZIDOS EM MALHARIAS E TRICOTAGENS, EXCETO MEIAS",N,S,R$46.85,R$0.00,R$1.00,R$47.85
9609-2/08,C,SERVIÇO,CUIDADOR(A) DE ANIMAIS (PET SITTER),96,OUTRAS ATIVIDADES DE SERVIÇOS,HIGIENE E EMBELEZAMENTO DE ANIMAIS,S,N,R$46.85,R$5.00,R$0.00,R$51.85
8712-3/00,C,SERVIÇO,CUIDADOR(A) DE IDOSOS E ENFERMOS,87,SAÚDE HUMANA E SERVIÇOS SOCIAIS,ATIVIDADES DE FORNECIMENTO DE INFRA-ESTRUTURA DE APOIO E ASSISTÊNCIA A PACIENTE NO DOMICÍLIO,S,N,R$46.85,R$5.00,R$0.00,R$51.85
3211-6/03,C,INDÚSTRIA,CUNHADOR(A) DE MOEDAS E MEDALHAS,32,INDÚSTRIAS DE TRANSFORMAÇÃO,CUNHAGEM DE MOEDAS E MEDALHAS,N,S,R$46.85,R$0.00,R$1.00,R$47.85
1510-6/00,C,INDÚSTRIA,CURTIDOR DE COURO,15,INDÚSTRIAS DE TRANSFORMAÇÃO,CURTIMENTO E OUTRAS PREPARAÇÕES DE COURO,N,S,R$46.85,R$0.00,R$1.00,R$47.85
1340-5/99,C,INDÚSTRIA,CUSTOMIZADOR(A) DE ROUPAS,13,INDÚSTRIAS DE TRANSFORMAÇÃO,"OUTROS SERVIÇOS DE ACABAMENTO EM FIOS, TECIDOS, ARTEFATOS TÊXTEIS E PEÇAS DO VESTUÁRIO",S,N,R$46.85,R$5.00,R$0.00,R$51.85
8122-2/00,D,SERVIÇO,DEDETIZADOR(A),81,ATIVIDADES ADMINISTRATIVAS E SERVIÇOS COMPLEMENTARES,IMUNIZAÇÃO E CONTROLE DE PRAGAS URBANAS,S,N,R$46.85,R$5.00,R$0.00,R$51.85
9602-5/02,D,SERVIÇO,DEPILADOR(A),96,OUTRAS ATIVIDADES DE SERVIÇOS,ATIVIDADES DE ESTÉTICA E OUTROS SERVIÇOS DE CUIDADOS COM A BELEZA,S,N,R$46.85,R$5.00,R$0.00,R$51.85
9700-5/00,D,SERVIÇO,DIARISTA,97,SERVIÇOS DOMÉSTICOS,SERVIÇOS DOMÉSTICOS,S,N,R$46.85,R$5.00,R$0.00,R$51.85
8219-9/99,D,SERVIÇO,DIGITADOR(A),82,ATIVIDADES ADMINISTRATIVAS E SERVIÇOS COMPLEMENTARES,PREPARAÇÃO DE DOCUMENTOS E SERVIÇOS ESPECIALIZADOS DE APOIO ADMINISTRATIVO NÃO ESPECIFICADOS ANTERIORMENTE,S,N,R$46.85,R$5.00,R$0.00,R$51.85
9001-9/06,D,SERVIÇO,DISC JOCKEY (DJ) OU VIDEO JOCKEY (VJ),90,"ARTES, CULTURA, ESPORTE E RECREAÇÃO",ATIVIDADES DE SONORIZAÇÃO E DE ILUMINAÇÃO,S,N,R$46.85,R$5.00,R$0.00,R$51.85
3600-6/02,D,SERVIÇO,DISTRIBUIDOR(A) DE ÁGUA POTÁVEL EM CAMINHÃO PIPA,36,"ÁGUA, ESGOTO, ATIVIDADES DE GESTÃO DE RESÍDUOS E DESCONTAMINAÇÃO",DISTRIBUIÇÃO DE ÁGUA POR CAMINHÕES,S,S,R$46.85,R$5.00,R$1.00,R$52.85
5620-1/04,D,SERVIÇO,DOCEIRO(A),56,ALOJAMENTO E ALIMENTAÇÃO,FORNECIMENTO DE ALIMENTOS PREPARADOS PREPONDERANTEMENTE PARA CONSUMO DOMICILIAR,N,S,R$46.85,R$0.00,R$1.00,R$47.85
5912-0/01,D,SERVIÇO,DUBLADOR(A),59,INFORMAÇÃO E COMUNICAÇÃO,SERVIÇOS DE DUBLAGEM,S,N,R$46.85,R$5.00,R$0.00,R$51.85
5812-3/01,E,SERVIÇO,EDITOR(A) DE JORNAIS DIÁRIOS,58,INFORMAÇÃO E COMUNICAÇÃO,EDITOR DE JORNAIS DIÁRIOS,S,N,R$46.85,R$5.00,R$0.00,R$51.85
5812-3/02,E,SERVIÇO,EDITOR(A) DE JORNAIS NÃO DIÁRIOS,58,INFORMAÇÃO E COMUNICAÇÃO,EDITOR DE JORNAIS NÃO DIÁRIOS,S,N,R$46.85,R$5.00,R$0.00,R$51.85
5819-1/00,E,SERVIÇO,EDITOR(A) DE LISTA DE DADOS E DE OUTRAS INFORMAÇÕES,58,INFORMAÇÃO E COMUNICAÇÃO,"EDIÇÃO DE CADASTROS, LISTAS E DE OUTROS PRODUTOS GRÁFICOS",S,N,R$46.85,R$5.00,R$0.00,R$51.85
5811-5/00,E,SERVIÇO,EDITOR(A) DE LIVROS,58,INFORMAÇÃO E COMUNICAÇÃO,EDIÇÃO DE LIVROS,S,N,R$46.85,R$5.00,R$0.00,R$51.85
5813-1/00,E,SERVIÇO,EDITOR(A) DE REVISTAS,58,INFORMAÇÃO E COMUNICAÇÃO,EDIÇÃO DE REVISTAS,S,N,R$46.85,R$5.00,R$0.00,R$51.85
5912-0/99,E,SERVIÇO,EDITOR(A) DE VÍDEO,59,INFORMAÇÃO E COMUNICAÇÃO,"ATIVIDADES DE PÓS-PRODUÇÃO CINEMATOGRÁFICA, DE VÍDEOS E DE PROGRAMAS DE TELEVISÃO NÃO ESPECIFICADAS ANTERIORMENTE",S,N,R$46.85,R$5.00,R$0.00,R$51.85
4520-0/03,E,COMÉRCIO,ELETRICISTA DE AUTOMÓVEIS,45,COMÉRCIO; REPARAÇÃO DE VEÍCULOS AUTOMOTORES E MOTOCICLETAS,SERVIÇOS DE MANUTENÇÃO E REPARAÇÃO ELÉTRICA DE VEÍCULOS AUTOMOTORES,S,N,R$46.85,R$5.00,R$0.00,R$51.85
4321-5/00,E,SERVIÇO,ELETRICISTA EM RESIDÊNCIAS E ESTABELECIMENTOS COMERCIAIS,43,CONSTRUÇÃO,INSTALAÇÃO E MANUTENÇÃO ELÉTRICA,S,N,R$46.85,R$5.00,R$0.00,R$51.85
1822-9/01,E,INDÚSTRIA,ENCADERNADOR(A)/PLASTIFICADOR(A),18,INDÚSTRIAS DE TRANSFORMAÇÃO,SERVIÇOS DE ENCADERNAÇÃO E PLASTIFICAÇÃO,S,N,R$46.85,R$5.00,R$0.00,R$51.85
4322-3/01,E,SERVIÇO,ENCANADOR,43,CONSTRUÇÃO,"INSTALAÇÕES HIDRÁULICAS, SANITÁRIAS E DE GÁS",S,N,R$46.85,R$5.00,R$0.00,R$51.85
9609-2/99,E,SERVIÇO,ENGRAXATE,96,OUTRAS ATIVIDADES DE SERVIÇOS,OUTRAS ATIVIDADES DE SERVIÇOS PESSOAIS NÃO ESPECIFICADAS ANTERIORMENTE,S,N,R$46.85,R$5.00,R$0.00,R$51.85
5320-2/01,E,SERVIÇO,ENTREGADOR DE MALOTES,53,"TRANSPORTE, ARMAZENAGEM E CORREIO",SERVIÇOS DE MALOTE NÃO REALIZADOS PELO CORREIO NACIONAL,S,S,R$46.85,R$5.00,R$1.00,R$52.85
8292-0/00,E,SERVIÇO,ENVASADOR(A) E EMPACOTADOR(A),82,ATIVIDADES ADMINISTRATIVAS E SERVIÇOS COMPLEMENTARES,ENVASAMENTO E EMPACOTAMENTO SOB CONTRATO,S,N,R$46.85,R$5.00,R$0.00,R$51.85
1340-5/01,E,INDÚSTRIA,ESTAMPADOR(A) DE PEÇAS DO VESTUÁRIO,13,INDÚSTRIAS DE TRANSFORMAÇÃO,"ESTAMPARIA E TEXTURIZAÇÃO EM FIOS, TECIDOS, ARTEFATOS TÊXTEIS E PEÇAS DO VESTUÁRIO",S,N,R$46.85,R$5.00,R$0.00,R$51.85
9602-5/02,E,SERVIÇO,ESTETICISTA,96,OUTRAS ATIVIDADES DE SERVIÇOS,ATIVIDADES DE ESTÉTICA E OUTROS SERVIÇOS DE CUIDADOS COM A BELEZA,S,N,R$46.85,R$5.00,R$0.00,R$51.85
9609-2/08,E,SERVIÇO,ESTETICISTA DE ANIMAIS DOMÉSTICOS,96,OUTRAS ATIVIDADES DE SERVIÇOS,HIGIENE E EMBELEZAMENTO DE ANIMAIS DOMÉSTICOS,S,N,R$46.85,R$5.00,R$0.00,R$51.85
9529-1/05,E,SERVIÇO,ESTOFADOR(A),95,OUTRAS ATIVIDADES DE SERVIÇOS,REPARAÇÃO DE ARTIGOS DO MOBILIÁRIO,S,N,R$46.85,R$5.00,R$0.00,R$51.85
1742-7/02,F,INDÚSTRIA,FABRICANTE DE ABSORVENTES HIGIÊNICOS,17,INDÚSTRIAS DE TRANSFORMAÇÃO,FABRICAÇÃO DE ABSORVENTES HIGIÊNICOS,N,S,R$46.85,R$0.00,R$1.00,R$47.85
1071-6/00,F,INDÚSTRIA,FABRICANTE DE AÇÚCAR MASCAVO,10,INDÚSTRIAS DE TRANSFORMAÇÃO,FABRICAÇÃO DE AÇÚCAR EM BRUTO,N,S,R$46.85,R$0.00,R$1.00,R$47.85
1031-7/00,F,INDÚSTRIA,FABRICANTE DE AMENDOIM E CASTANHA DE CAJU TORRADOS E SALGADOS,10,INDÚSTRIAS DE TRANSFORMAÇÃO,FABRICANTE DE CONSERVAS DE FRUTAS,N,S,R$46.85,R$0.00,R$1.00,R$47.85
1122-4/99,F,INDÚSTRIA,FABRICANTE DE ÁGUAS NATURAIS,11,INDÚSTRIAS DE TRANSFORMAÇÃO,FABRICAÇÃO DE OUTRAS BEBIDAS NÃO-ALCOÓLICAS NÃO ESPECIFICADAS ANTERIORMENTE,N,S,R$46.85,R$0.00,R$1.00,R$47.85
1096-1/00,F,INDÚSTRIA,FABRICANTE DE ALIMENTOS PRONTOS CONGELADOS,10,INDÚSTRIAS DE TRANSFORMAÇÃO,FABRICAÇÃO DE ALIMENTOS E PRATOS PRONTOS,N,S,R$46.85,R$0.00,R$1.00,R$47.85
1065-1/01,F,INDÚSTRIA,FABRICANTE DE AMIDO E FÉCULAS DE VEGETAIS,10,INDÚSTRIAS DE TRANSFORMAÇÃO,FABRICAÇÃO DE AMIDOS E FÉCULAS DE VEGETAIS,N,S,R$46.85,R$0.00,R$1.00,R$47.85
2532-2/01,F,INDÚSTRIA,FABRICANTE DE ARTEFATOS DE FUNILARIA,25,INDÚSTRIAS DE TRANSFORMAÇÃO,PRODUÇÃO DE ARTEFATOS ESTAMPADOS DE METAL,N,S,R$46.85,R$0.00,R$1.00,R$47.85
2532-2/01,F,INDÚSTRIA,"FABRICANTE DE ARTEFATOS ESTAMPADOS DE METAL, SOB ENCOMENDA OU NÃO",25,INDÚSTRIAS DE TRANSFORMAÇÃO,PRODUÇÃO DE ARTEFATOS ESTAMPADOS DE METAL,S,S,R$46.85,R$5.00,R$1.00,R$52.85
3230-2/00,F,INDÚSTRIA,FABRICANTE DE ARTEFATOS PARA PESCA E ESPORTE,32,INDÚSTRIAS DE TRANSFORMAÇÃO,FABRICAÇÃO DE ARTEFATOS PARA PESCA E ESPORTE,N,S,R$46.85,R$0.00,R$1.00,R$47.85
1351-1/00,F,INDÚSTRIA,FABRICANTE DE ARTEFATOS TÊXTEIS PARA USO DOMÉSTICO,13,INDÚSTRIAS DE TRANSFORMAÇÃO,FABRICAÇÃO DE ARTEFATOS TÊXTEIS PARA USO DOMÉSTICO,N,S,R$46.85,R$0.00,R$1.00,R$47.85
2541-1/00,F,INDÚSTRIA,FABRICANTE DE ARTIGOS DE CUTELARIA,25,INDÚSTRIAS DE TRANSFORMAÇÃO,FABRICAÇÃO DE ARTIGOS DE CUTELARIA,N,S,R$46.85,R$0.00,R$1.00,R$47.85
3299-0/05,F,INDÚSTRIA,FABRICANTE DE AVIAMENTOS PARA COSTURA,32,INDÚSTRIAS DE TRANSFORMAÇÃO,FABRICAÇÃO DE AVIAMENTOS PARA COSTURA,N,S,R$46.85,R$0.00,R$1.00,R$47.85
1093-7/02,F,INDÚSTRIA,"FABRICANTE DE BALAS, CONFEITOS E FRUTAS CRISTALIZADAS",10,INDÚSTRIAS DE TRANSFORMAÇÃO,"FABRICAÇÃO DE FRUTAS CRISTALIZADAS, BALAS E SEMELHANTES",N,S,R$46.85,R$0.00,R$1.00,R$47.85
1521-1/00,F,INDÚSTRIA,FABRICANTE DE BOLSAS/BOLSEIRO,15,INDÚSTRIAS DE TRANSFORMAÇÃO,"FABRICAÇÃO DE ARTIGOS PARA VIAGEM, BOLSAS E SEMELHANTES DE QUALQUER MATERIAL",N,S,R$46.85,R$0.00,R$1.00,R$47.85
3240-0/99,F,INDÚSTRIA,FABRICANTE DE BRINQUEDOS NÃO ELETRÔNICOS,32,INDÚSTRIAS DE TRANSFORMAÇÃO,FABRICAÇÃO DE OUTROS BRINQUEDOS E JOGOS RECREATIVOS NÃO ESPECIFICADOS ANTERIORMENTE,N,S,R$46.85,R$0.00,R$1.00,R$47.85
1539-4/00,F,INDÚSTRIA,"FABRICANTE DE CALÇADOS DE BORRACHA, MADEIRA E TECIDOS E FIBRAS",15,INDÚSTRIAS DE TRANSFORMAÇÃO,FABRICAÇÃO DE CALÇADOS DE MATERIAIS NÃO ESPECIFICADOS ANTERIORMENTE,N,S,R$46.85,R$0.00,R$1.00,R$47.85
1531-9/01,F,INDÚSTRIA,FABRICANTE DE CALÇADOS DE COURO,15,INDÚSTRIAS DE TRANSFORMAÇÃO,FABRICAÇÃO DE CALÇADOS DE COURO,N,S,R$46.85,R$0.00,R$1.00,R$47.85
1099-6/05,F,INDÚSTRIA,FABRICANTE DE CHÁ,10,INDÚSTRIAS DE TRANSFORMAÇÃO,"FABRICAÇÃO DE PRODUTOS PARA INFUSÃO (CHÁ, MATE, ETC.)",N,S,R$46.85,R$0.00,R$1.00,R$47.85
1414-2/00,F,INDÚSTRIA,FABRICANTE DE CINTOS/CINTEIRO,14,INDÚSTRIAS DE TRANSFORMAÇÃO,"FABRICAÇÃO DE ACESSÓRIOS DO VESTUÁRIO, EXCETO PARA SEGURANÇA E PROTEÇÃO",N,S,R$46.85,R$0.00,R$1.00,R$47.85
1031-7/00,F,INDÚSTRIA,FABRICANTE DE CONSERVAS DE FRUTAS,10,INDÚSTRIAS DE TRANSFORMAÇÃO,FABRICAÇÃO DE CONSERVAS DE FRUTAS,N,S,R$46.85,R$0.00,R$1.00,R$47.85
1032-5/99,F,INDÚSTRIA,FABRICANTE DE CONSERVAS DE LEGUMES E OUTROS VEGETAIS,10,INDÚSTRIAS DE TRANSFORMAÇÃO,"FABRICAÇÃO DE CONSERVAS DE LEGUMES E OUTROS VEGETAIS, EXCETO PALMITO",N,S,R$46.85,R$0.00,R$1.00,R$47.85
2052-5/00,F,INDÚSTRIA,FABRICANTE DE DESINFESTANTES,20,INDÚSTRIAS DE TRANSFORMAÇÃO,FABRICAÇÃO DE DESINFESTANTES DOMISSANITÁRIOS,N,S,R$46.85,R$0.00,R$1.00,R$47.85
1732-0/00,F,INDÚSTRIA,FABRICANTE DE EMBALAGENS DE CARTOLINA E PAPEL-CARTÃO,17,INDÚSTRIAS DE TRANSFORMAÇÃO,FABRICAÇÃO DE EMBALAGENS DE CARTOLINA E PAPEL-CARTÃO,N,S,R$46.85,R$0.00,R$1.00,R$47.85
1623-4/00,F,INDÚSTRIA,FABRICANTE DE EMBALAGENS DE MADEIRA,16,INDÚSTRIAS DE TRANSFORMAÇÃO,FABRICAÇÃO DE ARTEFATOS DE TANOARIA E DE EMBALAGENS DE MADEIRA,N,S,R$46.85,R$0.00,R$1.00,R$47.85
1731-1/00,F,INDÚSTRIA,FABRICANTE DE EMBALAGENS DE PAPEL,17,INDÚSTRIAS DE TRANSFORMAÇÃO,FABRICAÇÃO DE EMBALAGENS DE PAPEL,N,S,R$46.85,R$0.00,R$1.00,R$47.85
1095-3/00,F,INDÚSTRIA,FABRICANTE DE ESPECIARIAS,10,INDÚSTRIAS DE TRANSFORMAÇÃO,"FABRICAÇÃO DE ESPECIARIAS, MOLHOS, TEMPEROS E CONDIMENTOS",N,S,R$46.85,R$0.00,R$1.00,R$47.85
2512-8/00,F,INDÚSTRIA,FABRICANTE DE ESQUADRIAS METÁLICAS SOB ENCOMENDA OU NÃO,25,INDÚSTRIAS DE TRANSFORMAÇÃO,FABRICAÇÃO DE ESQUADRIAS DE METAL,S,S,R$46.85,R$5.00,R$1.00,R$52.85
1311-1/00,F,INDÚSTRIA,FABRICANTE DE FIOS DE ALGODÃO,13,INDÚSTRIAS DE TRANSFORMAÇÃO,PREPARAÇÃO E FIAÇÃO DE FIBRAS DE ALGODÃO,N,S,R$46.85,R$0.00,R$1.00,R$47.85
1312-0/00,F,INDÚSTRIA,"FABRICANTE DE FIOS DE LINHO, RAMI, JUTA, SEDA E LÃ",13,INDÚSTRIAS DE TRANSFORMAÇÃO,"PREPARAÇÃO E FIAÇÃO DE FIBRAS TÊXTEIS NATURAIS, EXCETO ALGODÃO",N,S,R$46.85,R$0.00,R$1.00,R$47.85
1220-4/99,F,INDÚSTRIA,FABRICANTE DE FUMO E DERIVADOS DO FUMO,12,INDÚSTRIAS DE TRANSFORMAÇÃO,"FABRICAÇÃO DE OUTROS PRODUTOS DO FUMO, EXCETO CIGARROS, CIGARRILHAS E CHARUTOS",N,S,R$46.85,R$0.00,R$1.00,R$47.85
1099-6/99,F,INDÚSTRIA,FABRICANTE DE GELÉIA DE MOCOTÓ,10,INDÚSTRIAS DE TRANSFORMAÇÃO,FABRICAÇÃO DE OUTROS PRODUTOS ALIMENTÍCIOS NÃO ESPECIFICADOS ANTERIORMENTE,N,S,R$46.85,R$0.00,R$1.00,R$47.85
1099-6/04,F,INDÚSTRIA,FABRICANTE DE GELO COMUM,10,INDÚSTRIAS DE TRANSFORMAÇÃO,FABRICAÇÃO DE GELO COMUM,N,S,R$46.85,R$0.00,R$1.00,R$47.85
3299-0/01,F,INDÚSTRIA,FABRICANTE DE GUARDA-CHUVAS E SIMILARES,32,INDÚSTRIAS DE TRANSFORMAÇÃO,FABRICAÇÃO DE GUARDA-CHUVAS E SIMILARES,N,S,R$46.85,R$0.00,R$1.00,R$47.85
1742-7/99,F,INDÚSTRIA,FABRICANTE DE GUARDANAPOS E COPOS DE PAPEL,17,INDÚSTRIAS DE TRANSFORMAÇÃO,FABRICAÇÃO DE PRODUTOS DE PAPEL PARA USO DOMÉSTICO E HIGIÊNICO-SANITÁRIO NÃO ESPECIFICADOS ANTERIORMENTE,N,S,R$46.85,R$0.00,R$1.00,R$47.85
3220-5/00,F,INDÚSTRIA,FABRICANTE DE INSTRUMENTOS MUSICAIS,32,INDÚSTRIAS DE TRANSFORMAÇÃO,"FABRICAÇÃO DE INSTRUMENTOS MUSICAIS, PEÇAS E ACESSÓRIOS",N,S,R$46.85,R$0.00,R$1.00,R$47.85
3240-0/99,F,INDÚSTRIA,FABRICANTE DE JOGOS RECREATIVOS,32,INDÚSTRIAS DE TRANSFORMAÇÃO,FABRICAÇÃO DE OUTROS BRINQUEDOS E JOGOS RECREATIVOS NÃO ESPECIFICADOS ANTERIORMENTE,N,S,R$46.85,R$0.00,R$1.00,R$47.85
1052-0/00,F,INDÚSTRIA,FABRICANTE DE LATICÍNIOS,10,INDÚSTRIAS DE TRANSFORMAÇÃO,FABRICAÇÃO DE LATICÍNIOS,N,S,R$46.85,R$0.00,R$1.00,R$47.85
3299-0/03,F,INDÚSTRIA,"FABRICANTE DE LETREIROS, PLACAS E PAINÉIS NÃO LUMINOSOS, SOB ENCOMENDA OU NÃO",32,INDÚSTRIAS DE TRANSFORMAÇÃO,"FABRICAÇÃO DE LETRAS, LETREIROS E PLACAS DE QUALQUER MATERIAL, EXCETO LUMINOSOS",S,S,R$46.85,R$5.00,R$1.00,R$52.85
2740-6/02,F,INDÚSTRIA,FABRICANTE DE LUMINÁRIAS E OUTROS EQUIPAMENTOS DE ILUMINAÇÃO,27,INDÚSTRIAS DE TRANSFORMAÇÃO,FABRICAÇÃO DE LUMINÁRIAS E OUTROS EQUIPAMENTOS DE ILUMINAÇÃO,N,S,R$46.85,R$0.00,R$1.00,R$47.85
1521-1/00,F,INDÚSTRIA,FABRICANTE DE MALAS,15,INDÚSTRIAS DE TRANSFORMAÇÃO,"FABRICAÇÃO DE ARTIGOS PARA VIAGEM, BOLSAS E SEMELHANTES DE QUALQUER MATERIAL",N,S,R$46.85,R$0.00,R$1.00,R$47.85
1094-5/00,F,INDÚSTRIA,FABRICANTE DE MASSAS ALIMENTÍCIAS,10,INDÚSTRIAS DE TRANSFORMAÇÃO,FABRICAÇÃO DE MASSAS ALIMENTÍCIAS,N,S,R$46.85,R$0.00,R$1.00,R$47.85
1421-5/00,F,INDÚSTRIA,FABRICANTE DE MEIAS,14,INDÚSTRIAS DE TRANSFORMAÇÃO,FABRICAÇÃO DE MEIAS,N,S,R$46.85,R$0.00,R$1.00,R$47.85
1521-1/00,F,INDÚSTRIA,FABRICANTE DE MOCHILAS E CARTEIRAS,15,INDÚSTRIAS DE TRANSFORMAÇÃO,"FABRICAÇÃO DE ARTIGOS PARA VIAGEM, BOLSAS E SEMELHANTES DE QUALQUER MATERIAL",N,S,R$46.85,R$0.00,R$1.00,R$47.85
3299-0/04,F,INDÚSTRIA,FABRICANTE DE PAINÉIS E LETREIROS LUMINOSOS,32,INDÚSTRIAS DE TRANSFORMAÇÃO,FABRICAÇÃO DE PAINÉIS E LETREIROS LUMINOSOS,N,S,R$46.85,R$0.00,R$1.00,R$47.85
1091-1/01,F,INDÚSTRIA,FABRICANTE DE PÃO DE QUEIJO CONGELADO,10,INDÚSTRIAS DE TRANSFORMAÇÃO,FABRICAÇÃO DE PRODUTOS DE PANIFICAÇÃO INDUSTRIAL,N,S,R$46.85,R$0.00,R$1.00,R$47.85
1721-4/00,F,INDÚSTRIA,FABRICANTE DE PAPEL,17,INDÚSTRIAS DE TRANSFORMAÇÃO,FABRICAÇÃO DE PAPEL,N,S,R$46.85,R$0.00,R$1.00,R$47.85
1412-6/03,F,INDÚSTRIA,FABRICANTE DE PARTES DE PEÇAS DO VESTUÁRIO - FACÇÃO,14,INDÚSTRIAS DE TRANSFORMAÇÃO,"FACÇÃO DE PEÇAS DO VESTUÁRIO, EXCETO ROUPAS ÍNTIMAS",S,S,R$46.85,R$5.00,R$1.00,R$52.85
1411-8/02,F,INDÚSTRIA,FABRICANTE DE PARTES DE ROUPAS ÍNTIMAS - FACÇÃO,14,INDÚSTRIAS DE TRANSFORMAÇÃO,FACÇÃO DE ROUPAS ÍNTIMAS,S,S,R$46.85,R$5.00,R$1.00,R$52.85
1413-4/03,F,INDÚSTRIA,FABRICANTE DE PARTES DE ROUPAS PROFISSIONAIS - FACÇÃO,14,INDÚSTRIAS DE TRANSFORMAÇÃO,FACÇÃO DE ROUPAS PROFISSIONAIS,S,S,R$46.85,R$5.00,R$1.00,R$52.85
1540-8/00,F,INDÚSTRIA,FABRICANTE DE PARTES PARA CALÇADOS,15,INDÚSTRIAS DE TRANSFORMAÇÃO,"FABRICAÇÃO DE PARTES PARA CALÇADOS, DE QUALQUER MATERIAL",S,S,R$46.85,R$5.00,R$1.00,R$52.85
1031-7/00,F,INDÚSTRIA,FABRICANTE DE POLPAS DE FRUTAS,10,INDÚSTRIAS DE TRANSFORMAÇÃO,FABRICAÇÃO DE CONSERVAS DE FRUTAS,N,S,R$46.85,R$0.00,R$1.00,R$47.85
2063-1/00,F,INDÚSTRIA,FABRICANTE DE PRODUTOS DE PERFUMARIA E DE HIGIENE PESSOAL,20,INDÚSTRIAS DE TRANSFORMAÇÃO,"FABRICAÇÃO DE COSMÉTICOS, PRODUTOS DE PERFUMARIA E DE HIGIENE PESSOAL",N,S,R$46.85,R$0.00,R$1.00,R$47.85
2062-2/00,F,INDÚSTRIA,FABRICANTE DE PRODUTOS DE LIMPEZA,20,INDÚSTRIAS DE TRANSFORMAÇÃO,FABRICAÇÃO DE PRODUTOS DE LIMPEZA E POLIMENTO,N,S,R$46.85,R$0.00,R$1.00,R$47.85
1099-6/99,F,INDÚSTRIA,FABRICANTE DE PRODUTOS DE SOJA,10,INDÚSTRIAS DE TRANSFORMAÇÃO,FABRICAÇÃO DE OUTROS PRODUTOS ALIMENTÍCIOS NÃO ESPECIFICADOS ANTERIORMENTE,N,S,R$46.85,R$0.00,R$1.00,R$47.85
3292-2/02,F,INDÚSTRIA,FABRICANTE DE PRODUTOS DE TECIDO NÃO TECIDO PARA USO ODONTO-MÉDICO-HOSPITALAR,32,INDÚSTRIAS DE TRANSFORMAÇÃO,FABRICAÇÃO DE EQUIPAMENTOS E ACESSÓRIOS PARA SEGURANÇA PESSOAL E PROFISSIONAL,N,S,R$46.85,R$0.00,R$1.00,R$47.85
1013-9/01,F,INDÚSTRIA,FABRICANTE DE PRODUTOS DERIVADOS DE CARNE,10,INDÚSTRIAS DE TRANSFORMAÇÃO,FABRICAÇÃO DE PRODUTOS DE CARNE,N,S,R$46.85,R$0.00,R$1.00,R$47.85
1061-9/02,F,INDÚSTRIA,FABRICANTE DE PRODUTOS DERIVADOS DO ARROZ,10,INDÚSTRIAS DE TRANSFORMAÇÃO,FABRICAÇÃO DE PRODUTOS DO ARROZ,N,S,R$46.85,R$0.00,R$1.00,R$47.85
1071-6/00,F,INDÚSTRIA,FABRICANTE DE RAPADURA E MELAÇO,10,INDÚSTRIAS DE TRANSFORMAÇÃO,FABRICAÇÃO DE AÇÚCAR EM BRUTO,N,S,R$46.85,R$0.00,R$1.00,R$47.85
1122-4/03,F,INDÚSTRIA,"FABRICANTE DE REFRESCOS, XAROPES E PÓS PARA REFRESCOS",11,INDÚSTRIAS DE TRANSFORMAÇÃO,"FABRICAÇÃO DE REFRESCOS, XAROPES E PÓS PARA REFRESCOS, EXCETO REFRESCOS DE FRUTAS",N,S,R$46.85,R$0.00,R$1.00,R$47.85
1411-8/01,F,INDÚSTRIA,FABRICANTE DE ROUPAS ÍNTIMAS,14,INDÚSTRIAS DE TRANSFORMAÇÃO,CONFECÇÃO DE ROUPAS ÍNTIMAS,N,S,R$46.85,R$0.00,R$1.00,R$47.85
2061-4/00,F,INDÚSTRIA,FABRICANTE DE SABÕES E DETERGENTES SINTÉTICOS,20,INDÚSTRIAS DE TRANSFORMAÇÃO,FABRICAÇÃO DE SABÕES E DETERGENTES SINTÉTICOS,N,S,R$46.85,R$0.00,R$1.00,R$47.85
1033-3/01,F,INDÚSTRIA,"FABRICANTE DE SUCOS CONCENTRADOS DE FRUTAS, HORTALIÇAS E LEGUMES",10,INDÚSTRIAS DE TRANSFORMAÇÃO,"FABRICAÇÃO DE SUCOS CONCENTRADOS DE FRUTAS, HORTALIÇAS E LEGUMES",N,S,R$46.85,R$0.00,R$1.00,R$47.85
1033-3/02,F,INDÚSTRIA,"FABRICANTE DE SUCOS DE FRUTAS, HORTALIÇAS E LEGUMES",10,INDÚSTRIAS DE TRANSFORMAÇÃO,"FABRICAÇÃO DE SUCOS DE FRUTAS, HORTALIÇAS E LEGUMES, EXCETO CONCENTRADOS",N,S,R$46.85,R$0.00,R$1.00,R$47.85
3299-0/06,F,INDÚSTRIA,"FABRICANTE DE VELAS, INCLUSIVE DECORATIVAS",32,INDÚSTRIAS DE TRANSFORMAÇÃO,"FABRICAÇÃO DE VELAS, INCLUSIVE DECORATIVAS",N,S,R$46.85,R$0.00,R$1.00,R$47.85
1063-5/00,F,INDÚSTRIA,FARINHEIRO DE MANDIOCA,10,INDÚSTRIAS DE TRANSFORMAÇÃO,FABRICAÇÃO DE FARINHA DE MANDIOCA E DERIVADOS,N,S,R$46.85,R$0.00,R$1.00,R$47.85
1064-3/00,F,INDÚSTRIA,FARINHEIRO DE MILHO,10,INDÚSTRIAS DE TRANSFORMAÇÃO,"FABRICAÇÃO DE FARINHA DE MILHO E DERIVADOS, EXCETO ÓLEOS DE MILHO",N,S,R$46.85,R$0.00,R$1.00,R$47.85
2543-8/00,F,INDÚSTRIA,FERRAMENTEIRO(A),25,INDÚSTRIAS DE TRANSFORMAÇÃO,FABRICAÇÃO DE FERRAMENTAS,N,S,R$46.85,R$0.00,R$1.00,R$47.85
2543-8/00,F,INDÚSTRIA,FERREIRO/FORJADOR,25,INDÚSTRIAS DE TRANSFORMAÇÃO,FABRICAÇÃO DE FERRAMENTAS,N,S,R$46.85,R$0.00,R$1.00,R$47.85
7420-0/04,F,SERVIÇO,FILMADOR(A),74,"ATIVIDADES PROFISSIONAIS, CIENTÍFICAS E TÉCNICAS",FILMAGEM DE FESTAS E EVENTOS,S,N,R$46.85,R$5.00,R$0.00,R$51.85
5620-1/01,F,SERVIÇO,FORNECEDOR(A) DE ALIMENTOS PREPARADOS PARA EMPRESAS,56,ALOJAMENTO E ALIMENTAÇÃO,FORNECIMENTO DE ALIMENTOS PREPARADOS PREPONDERANTEMENTE PARA EMPRESAS,N,S,R$46.85,R$0.00,R$1.00,R$47.85
3702-9/00,F,SERVIÇO,FOSSEIRO (LIMPADOR DE FOSSA),37,"ÁGUA, ESGOTO, ATIVIDADES DE GESTÃO DE RESÍDUOS E DESCONTAMINAÇÃO","ATIVIDADES RELACIONADAS A ESGOTO, EXCETO A GESTÃO DE REDES",S,N,R$46.85,R$5.00,R$0.00,R$51.85
8219-9/01,F,SERVIÇO,FOTOCOPIADOR(A),82,ATIVIDADES ADMINISTRATIVAS E SERVIÇOS COMPLEMENTARES,FOTOCÓPIAS,S,N,R$46.85,R$5.00,R$0.00,R$51.85
7420-0/01,F,SERVIÇO,FOTÓGRAFO(A),74,"ATIVIDADES PROFISSIONAIS, CIENTÍFICAS E TÉCNICAS","ATIVIDADES DE PRODUÇÃO DE FOTOGRAFIAS, EXCETO AÉREA E SUBMARINA",S,N,R$46.85,R$5.00,R$0.00,R$51.85
7420-0/02,F,SERVIÇO,FOTÓGRAFO(A) AÉREO,74,"ATIVIDADES PROFISSIONAIS, CIENTÍFICAS E TÉCNICAS",ATIVIDADES DE PRODUÇÃO DE FOTOGRAFIAS AÉREAS E SUBMARINAS,S,N,R$46.85,R$5.00,R$0.00,R$51.85
7420-0/02,F,SERVIÇO,FOTÓGRAFO(A) SUBMARINO,74,"ATIVIDADES PROFISSIONAIS, CIENTÍFICAS E TÉCNICAS",ATIVIDADES DE PRODUÇÃO DE FOTOGRAFIAS AÉREAS E SUBMARINAS,S,N,R$46.85,R$5.00,R$0.00,R$51.85
4520-0/02,F,COMÉRCIO,FUNILEIRO / LANTERNEIRO,45,COMÉRCIO; REPARAÇÃO DE VEÍCULOS AUTOMOTORES E MOTOCICLETAS,SERVIÇOS DE LANTERNAGEM OU FUNILARIA E PINTURA DE VEÍCULOS AUTOMOTORES,S,N,R$46.85,R$5.00,R$0.00,R$51.85
2539-0/02,G,INDÚSTRIA,GALVANIZADOR(A),25,INDÚSTRIAS DE TRANSFORMAÇÃO,SERVIÇOS DE TRATAMENTO E REVESTIMENTO EM METAIS,S,N,R$46.85,R$5.00,R$0.00,R$51.85
4330-4/03,G,SERVIÇO,GESSEIRO(A),43,CONSTRUÇÃO,OBRAS DE ACABAMENTO EM GESSO E ESTUQUE,S,N,R$46.85,R$5.00,R$0.00,R$51.85
8299-7/03,G,SERVIÇO,GRAVADOR(A) DE CARIMBOS,82,ATIVIDADES ADMINISTRATIVAS E SERVIÇOS COMPLEMENTARES,"SERVIÇOS DE GRAVAÇÃO DE CARIMBOS, EXCETO CONFECÇÃO",S,N,R$46.85,R$5.00,R$0.00,R$51.85
5211-7/02,G,SERVIÇO,GUARDADOR(A) DE MÓVEIS,52,"TRANSPORTE, ARMAZENAGEM E CORREIO",GUARDA-MÓVEIS,S,N,R$46.85,R$5.00,R$0.00,R$51.85
7912-1/00,G,SERVIÇO,GUIA DE TURISMO,79,ATIVIDADES ADMINISTRATIVAS E SERVIÇOS COMPLEMENTARES,OPERADORES TURÍSTICOS,S,N,R$46.85,R$5.00,R$0.00,R$51.85
5229-0/02,G,SERVIÇO,GUINCHEIRO (REBOQUE DE VEÍCULOS),52,"TRANSPORTE, ARMAZENAGEM E CORREIO",SERVIÇOS DE REBOQUE DE VEÍCULOS,S,N,R$46.85,R$5.00,R$0.00,R$51.85
9001-9/01,H,SERVIÇO,HUMORISTA E CONTADOR DE HISTÓRIAS,90,"ARTES, CULTURA, ESPORTE E RECREAÇÃO",PRODUÇÃO TEATRAL,S,N,R$46.85,R$5.00,R$0.00,R$51.85
4321-5/00,I,SERVIÇO,INSTALADOR(A) DE ANTENAS DE TV,43,CONSTRUÇÃO,INSTALAÇÃO E MANUTENÇÃO ELÉTRICA,S,N,R$46.85,R$5.00,R$0.00,R$51.85
4321-5/00,I,SERVIÇO,"INSTALADOR(A) DE EQUIPAMENTOS DE SEGURANÇA DOMICILIAR E EMPRESARIAL, SEM PRESTAÇÃO DE SERVIÇOS DE VIGILÂNCIA E SEGURANÇA",43,CONSTRUÇÃO,INSTALAÇÃO E MANUTENÇÃO ELÉTRICA,S,N,R$46.85,R$5.00,R$0.00,R$51.85
4329-1/02,I,SERVIÇO,"INSTALADOR(A) DE EQUIPAMENTOS PARA ORIENTAÇÃO À NAVEGAÇÃO MARÍTIMA, FLUVIAL E LACUSTRE",43,CONSTRUÇÃO,"INSTALAÇÃO DE EQUIPAMENTOS PARA ORIENTAÇÃO À NAVEGAÇÃO MARÍTIMA, FLUVIAL E LACUSTRE",S,N,R$46.85,R$5.00,R$0.00,R$51.85
4329-1/05,I,SERVIÇO,INSTALADOR(A) DE ISOLANTES ACÚSTICOS E DE VIBRAÇÃO,43,CONSTRUÇÃO,"TRATAMENTOS TÉRMICOS, ACÚSTICOS OU DE VIBRAÇÃO",S,N,R$46.85,R$5.00,R$0.00,R$51.85
4329-1/05,I,SERVIÇO,INSTALADOR(A) DE ISOLANTES TÉRMICOS,43,CONSTRUÇÃO,"TRATAMENTOS TÉRMICOS, ACÚSTICOS OU DE VIBRAÇÃO",S,N,R$46.85,R$5.00,R$0.00,R$51.85
3321-0/00,I,INDÚSTRIA,INSTALADOR(A) DE MÁQUINAS E EQUIPAMENTOS INDUSTRIAIS,33,INDÚSTRIAS DE TRANSFORMAÇÃO,INSTALAÇÃO DE MÁQUINAS E EQUIPAMENTOS INDUSTRIAIS,S,N,R$46.85,R$5.00,R$0.00,R$51.85
4329-1/01,I,SERVIÇO,INSTALADOR(A) DE PAINÉIS PUBLICITÁRIOS,43,CONSTRUÇÃO,INSTALAÇÃO DE PAINÉIS PUBLICITÁRIOS,S,N,R$46.85,R$5.00,R$0.00,R$51.85
6190-6/99,I,SERVIÇO,INSTALADOR(A) DE REDE DE COMPUTADORES,61,INFORMAÇÃO E COMUNICAÇÃO,OUTRAS ATIVIDADES DE TELECOMUNICAÇÕES NÃO ESPECIFICADAS ANTERIORMENTE,S,N,R$46.85,R$5.00,R$0.00,R$51.85
4322-3/03,I,SERVIÇO,INSTALADOR(A) DE SISTEMA DE PREVENÇÃO CONTRA INCÊNDIO,43,CONSTRUÇÃO,INSTALAÇÕES DE SISTEMA DE PREVENÇÃO CONTRA INCÊNDIO,S,N,R$46.85,R$5.00,R$0.00,R$51.85
4520-0/07,I,COMÉRCIO,INSTALADOR(A) E REPARADOR (A) DE ACESSÓRIOS AUTOMOTIVOS,45,COMÉRCIO; REPARAÇÃO DE VEÍCULOS AUTOMOTORES E MOTOCICLETAS,"SERVIÇOS DE INSTALAÇÃO, MANUTENÇÃO E REPARAÇÃO DE ACESSÓRIOS PARA VEÍCULOS AUTOMOTORES",S,N,R$46.85,R$5.00,R$0.00,R$51.85
4329-1/03,I,SERVIÇO,"INSTALADOR(A) E REPARADOR(A) DE ELEVADORES, ESCADAS E ESTEIRAS ROLANTES",43,CONSTRUÇÃO,"INSTALAÇÃO, MANUTENÇÃO E REPARAÇÃO DE ELEVADORES, ESCADAS E ESTEIRAS ROLANTES",S,N,R$46.85,R$5.00,R$0.00,R$51.85
8020-0/02,I,SERVIÇO,"INSTALADOR(A) E REPARADOR DE COFRES, TRANCAS E TRAVAS DE SEGURANÇA",80,ATIVIDADES ADMINISTRATIVAS E SERVIÇOS COMPLEMENTARES,OUTRAS ATIVIDADES DE SERVIÇOS DE SEGURANÇA,S,N,R$46.85,R$5.00,R$0.00,R$51.85
4322-3/02,I,SERVIÇO,"INSTALADOR(A) E REPARADOR(A) DE SISTEMAS CENTRAIS DE AR CONDICIONADO, DE VENTILAÇÃO E REFRIGERAÇÃO",43,CONSTRUÇÃO,"INSTALAÇÃO E MANUTENÇÃO DE SISTEMAS CENTRAIS DE AR CONDICIONADO, DE VENTILAÇÃO E REFRIGERAÇÃO",S,N,R$46.85,R$5.00,R$0.00,R$51.85
8592-9/99,I,SERVIÇO,INSTRUTOR(A) DE ARTE E CULTURA EM GERAL,85,EDUCAÇÃO,ENSINO DE ARTE E CULTURA NÃO ESPECIFICADO ANTERIORMENTE,S,N,R$46.85,R$5.00,R$0.00,R$51.85
8592-9/02,I,SERVIÇO,INSTRUTOR(A) DE ARTES CÊNICAS,85,EDUCAÇÃO,"ENSINO DE ARTES CÊNICAS, EXCETO DANÇA",S,N,R$46.85,R$5.00,R$0.00,R$51.85
8599-6/04,I,SERVIÇO,INSTRUTOR(A) DE CURSOS GERENCIAIS,85,EDUCAÇÃO,TREINAMENTO EM DESENVOLVIMENTO PROFISSIONAL E GERENCIAL,S,N,R$46.85,R$5.00,R$0.00,R$51.85
8599-6/05,I,SERVIÇO,INSTRUTOR(A) DE CURSOS PREPARATÓRIOS,85,EDUCAÇÃO,CURSOS PREPARATÓRIOS PARA CONCURSOS,S,N,R$46.85,R$5.00,R$0.00,R$51.85
8593-7/00,I,SERVIÇO,INSTRUTOR(A) DE IDIOMAS,85,EDUCAÇÃO,ENSINO DE IDIOMAS,S,N,R$46.85,R$5.00,R$0.00,R$51.85
8599-6/03,I,SERVIÇO,INSTRUTOR(A) DE INFORMÁTICA,85,EDUCAÇÃO,TREINAMENTO EM INFORMÁTICA,S,N,R$46.85,R$5.00,R$0.00,R$51.85
8592-9/03,I,SERVIÇO,INSTRUTOR(A) DE MÚSICA,85,EDUCAÇÃO,ENSINO DE MÚSICA,S,N,R$46.85,R$5.00,R$0.00,R$51.85
8130-3/00,J,SERVIÇO,JARDINEIRO(A),81,ATIVIDADES ADMINISTRATIVAS E SERVIÇOS COMPLEMENTARES,ATIVIDADES PAISAGÍSTICAS,S,N,R$46.85,R$5.00,R$0.00,R$51.85
4761-0/02,J,COMÉRCIO,JORNALEIRO(A),47,COMÉRCIO; REPARAÇÃO DE VEÍCULOS AUTOMOTORES E MOTOCICLETAS,COMÉRCIO VAREJISTA DE JORNAIS E REVISTAS,N,S,R$46.85,R$0.00,R$1.00,R$47.85
3211-6/01,L,INDÚSTRIA,LAPIDADOR(A),32,INDÚSTRIAS DE TRANSFORMAÇÃO,LAPIDAÇÃO DE GEMAS,S,S,R$46.85,R$5.00,R$1.00,R$52.85
9601-7/01,L,SERVIÇO,LAVADEIRO(A) DE ROUPAS,96,OUTRAS ATIVIDADES DE SERVIÇOS,LAVANDERIAS,S,N,R$46.85,R$5.00,R$0.00,R$51.85
9601-7/03,L,SERVIÇO,LAVADEIRO(A) DE ROUPAS PROFISSIONAIS,96,OUTRAS ATIVIDADES DE SERVIÇOS,TOALHEIROS,S,N,R$46.85,R$5.00,R$0.00,R$51.85
4520-0/05,L,COMÉRCIO,LAVADOR(A) E POLIDOR DE CARRO,45,COMÉRCIO; REPARAÇÃO DE VEÍCULOS AUTOMOTORES E MOTOCICLETAS,"SERVIÇOS DE LAVAGEM, LUBRIFICAÇÃO E POLIMENTO DE VEÍCULOS AUTOMOTORES",S,N,R$46.85,R$5.00,R$0.00,R$51.85
9609-2/99,L,SERVIÇO,LAVADOR(A) DE ESTOFADO E SOFÁ,96,OUTRAS ATIVIDADES DE SERVIÇOS,OUTRAS ATIVIDADES DE SERVIÇOS PESSOAIS NÃO ESPECIFICADAS ANTERIORMENTE,S,N,R$46.85,R$5.00,R$0.00,R$51.85
4761-0/01,L,COMÉRCIO,LIVREIRO(A),47,COMÉRCIO; REPARAÇÃO DE VEÍCULOS AUTOMOTORES E MOTOCICLETAS,COMÉRCIO VAREJISTA DE LIVROS,N,S,R$46.85,R$0.00,R$1.00,R$47.85
7732-2/02,L,SERVIÇO,LOCADOR DE ANDAIMES,77,ATIVIDADES ADMINISTRATIVAS E SERVIÇOS COMPLEMENTARES,ALUGUEL DE ANDAIMES,S,N,R$46.85,R$5.00,R$0.00,R$51.85
7729-2/01,L,SERVIÇO,LOCADOR(A) DE APARELHOS DE JOGOS ELETRÔNICOS,77,ATIVIDADES ADMINISTRATIVAS E SERVIÇOS COMPLEMENTARES,ALUGUEL DE APARELHOS DE JOGOS ELETRÔNICOS,N,N,R$46.85,R$0.00,R$0.00,R$46.85
7739-0/02,L,SERVIÇO,"LOCADOR(A) DE EQUIPAMENTOS CIENTÍFICOS, MÉDICOS E HOSPITALARES, SEM OPERADOR",77,ATIVIDADES ADMINISTRATIVAS E SERVIÇOS COMPLEMENTARES,"ALUGUEL DE EQUIPAMENTOS CIENTÍFICOS, MÉDICOS E HOSPITALARES, SEM OPERADOR",N,N,R$46.85,R$0.00,R$0.00,R$46.85
7721-7/00,L,SERVIÇO,LOCADOR(A) DE EQUIPAMENTOS RECREATIVOS E ESPORTIVOS,77,ATIVIDADES ADMINISTRATIVAS E SERVIÇOS COMPLEMENTARES,ALUGUEL DE EQUIPAMENTOS RECREATIVOS E ESPORTIVOS,N,N,R$46.85,R$0.00,R$0.00,R$46.85
7722-5/00,L,SERVIÇO,"LOCADOR(A) DE FITAS DE VÍDEO, DVDS E SIMILARES",77,ATIVIDADES ADMINISTRATIVAS E SERVIÇOS COMPLEMENTARES,"ALUGUEL DE FITAS DE VÍDEO, DVDS E SIMILARES",N,N,R$46.85,R$0.00,R$0.00,R$46.85
7729-2/99,L,SERVIÇO,"LOCADOR(A) DE LIVROS, REVISTAS, PLANTAS E FLORES",77,ATIVIDADES ADMINISTRATIVAS E SERVIÇOS COMPLEMENTARES,ALUGUEL DE OUTROS OBJETOS PESSOAIS E DOMÉSTICOS NÃO ESPECIFICADOS ANTERIORMENTE,N,N,R$46.85,R$0.00,R$0.00,R$46.85
7731-4/00,L,SERVIÇO,LOCADOR(A) DE MÁQUINAS E EQUIPAMENTOS AGRÍCOLAS SEM OPERADOR,77,ATIVIDADES ADMINISTRATIVAS E SERVIÇOS COMPLEMENTARES,ALUGUEL DE MÁQUINAS E EQUIPAMENTOS AGRÍCOLAS SEM OPERADOR,N,N,R$46.85,R$0.00,R$0.00,R$46.85
7732-2/01,L,SERVIÇO,"LOCADOR(A) DE MÁQUINAS E EQUIPAMENTOS PARA CONSTRUÇÃO SEM OPERADOR, EXCETO ANDAIMES",77,ATIVIDADES ADMINISTRATIVAS E SERVIÇOS COMPLEMENTARES,"ALUGUEL DE MÁQUINAS E EQUIPAMENTOS PARA CONSTRUÇÃO SEM OPERADOR, EXCETO ANDAIMES",N,N,R$46.85,R$0.00,R$0.00,R$46.85
7733-1/00,L,SERVIÇO,LOCADOR(A) DE MÁQUINAS E EQUIPAMENTOS PARA ESCRITÓRIO,77,ATIVIDADES ADMINISTRATIVAS E SERVIÇOS COMPLEMENTARES,ALUGUEL DE MÁQUINAS E EQUIPAMENTOS PARA ESCRITÓRIO,N,N,R$46.85,R$0.00,R$0.00,R$46.85
7729-2/03,L,SERVIÇO,LOCADOR(A) DE MATERIAL MÉDICO,77,ATIVIDADES ADMINISTRATIVAS E SERVIÇOS COMPLEMENTARES,ALUGUEL DE MATERIAL MÉDICO,N,N,R$46.85,R$0.00,R$0.00,R$46.85
7729-2/02,L,SERVIÇO,"LOCADOR(A) DE MÓVEIS E UTENSÍLIOS, INCLUSIVE PARA FESTAS",77,ATIVIDADES ADMINISTRATIVAS E SERVIÇOS COMPLEMENTARES,"ALUGUEL DE MÓVEIS, UTENSÍLIOS E APARELHOS DE USO DOMÉSTICO E PESSOAL; INSTRUMENTOS MUSICAIS",N,N,R$46.85,R$0.00,R$0.00,R$46.85
7729-2/02,L,SERVIÇO,LOCADOR(A) DE INSTRUMENTOS MUSICAIS,77,ATIVIDADES ADMINISTRATIVAS E SERVIÇOS COMPLEMENTARES,"ALUGUEL DE MÓVEIS, UTENSÍLIOS E APARELHOS DE USO DOMÉSTICO E PESSOAL; INSTRUMENTOS MUSICAIS",N,N,R$46.85,R$0.00,R$0.00,R$46.85
7723-3/00,L,SERVIÇO,"LOCADOR(A) DE OBJETOS DO VESTUÁRIO, JÓIAS E ACESSÓRIOS",77,ATIVIDADES ADMINISTRATIVAS E SERVIÇOS COMPLEMENTARES,"ALUGUEL DE OBJETOS DO VESTUÁRIO, JÓIAS E ACESSÓRIOS",N,N,R$46.85,R$0.00,R$0.00,R$46.85
7739-0/99,L,SERVIÇO,"LOCADOR(A) DE OUTRAS MÁQUINAS E EQUIPAMENTOS COMERCIAIS E INDUSTRIAIS NÃO ESPECIFICADOS ANTERIORMENTE, SEM OPERADOR",77,ATIVIDADES ADMINISTRATIVAS E SERVIÇOS COMPLEMENTARES,"ALUGUEL DE OUTRAS MÁQUINAS E EQUIPAMENTOS COMERCIAIS E INDUSTRIAIS NÃO ESPECIFICADOS ANTERIORMENTE, SEM OPERADOR",N,N,R$46.85,R$0.00,R$0.00,R$46.85
7739-0/03,L,SERVIÇO,"LOCADOR(A) DE PALCOS, COBERTURAS E OUTRAS ESTRUTURAS DE USO TEMPORÁRIO, EXCETO ANDAIMES",77,ATIVIDADES ADMINISTRATIVAS E SERVIÇOS COMPLEMENTARES,"ALUGUEL DE PALCOS, COBERTURAS E OUTRAS ESTRUTURAS DE USO TEMPORÁRIO, EXCETO ANDAIMES",S,N,R$46.85,R$5.00,R$0.00,R$51.85
9609-2/99,L,SERVIÇO,LOCUTOR(A) DE MENSAGENS FONADAS E AO VIVO,96,OUTRAS ATIVIDADES DE SERVIÇOS,OUTRAS ATIVIDADES DE SERVIÇOS PESSOAIS NÃO ESPECIFICADAS ANTERIORMENTE,S,N,R$46.85,R$5.00,R$0.00,R$51.85
9329-8/99,M,SERVIÇO,MÁGICO(A),93,"ARTES, CULTURA, ESPORTE E RECREAÇÃO",OUTRAS ATIVIDADES DE RECREAÇÃO E LAZER NÃO ESPECIFICADAS ANTERIORMENTE,S,N,R$46.85,R$5.00,R$0.00,R$51.85
9602-5/01,M,SERVIÇO,MANICURE/PEDICURE,96,OUTRAS ATIVIDADES DE SERVIÇOS,"CABELEIREIROS, MANICURE E PEDICURE",S,N,R$46.85,R$5.00,R$0.00,R$51.85
9602-5/02,M,SERVIÇO,MAQUIADOR(A),96,OUTRAS ATIVIDADES DE SERVIÇOS,ATIVIDADES DE ESTÉTICA E OUTROS SERVIÇOS DE CUIDADOS COM A BELEZA,S,N,R$46.85,R$5.00,R$0.00,R$51.85
3101-2/00,M,INDÚSTRIA,MARCENEIRO (A) SOB ENCOMENDA OU NÃO,31,INDÚSTRIAS DE TRANSFORMAÇÃO,FABRICAÇÃO DE MÓVEIS COM PREDOMINÂNCIA DE MADEIRA,S,S,R$46.85,R$5.00,R$1.00,R$52.85
5620-1/04,M,SERVIÇO,MARMITEIRO(A),56,ALOJAMENTO E ALIMENTAÇÃO,FORNECIMENTO DE ALIMENTOS PREPARADOS PREPONDERANTEMENTE PARA CONSUMO DOMICILIAR,N,S,R$46.85,R$0.00,R$1.00,R$47.85
4543-9/00,M,COMÉRCIO,MECÂNICO(A) DE MOTOCICLETAS E MOTONETAS,45,COMÉRCIO; REPARAÇÃO DE VEÍCULOS AUTOMOTORES E MOTOCICLETAS,MANUTENÇÃO E REPARAÇÃO DE MOTOCICLETAS E MOTONETAS,S,N,R$46.85,R$5.00,R$0.00,R$51.85
4520-0/01,M,COMÉRCIO,MECÂNICO(A) DE VEÍCULOS,45,COMÉRCIO; REPARAÇÃO DE VEÍCULOS AUTOMOTORES E MOTOCICLETAS,SERVIÇOS DE MANUTENÇÃO E REPARAÇÃO MECÂNICA DE VEÍCULOS AUTOMOTORES,S,N,R$46.85,R$5.00,R$0.00,R$51.85
4712-1/00,M,COMÉRCIO,MERCEEIRO(A)/VENDEIRO(A),47,COMÉRCIO; REPARAÇÃO DE VEÍCULOS AUTOMOTORES E MOTOCICLETAS,"COMÉRCIO VAREJISTA DE MERCADORIAS EM GERAL, COM PREDOMINÂNCIA DE PRODUTOS ALIMENTÍCIOS - MINIMERCADOS, MERCEARIAS E ARMAZÉNS",N,S,R$46.85,R$0.00,R$1.00,R$47.85
7490-1/02,M,SERVIÇO,MERGULHADOR(A) (ESCAFANDRISTA),74,"ATIVIDADES PROFISSIONAIS, CIENTÍFICAS E TÉCNICAS",ESCAFANDRIA E MERGULHO,S,N,R$46.85,R$5.00,R$0.00,R$51.85
1069-4/00,M,INDÚSTRIA,MOENDEIRO(A),10,INDÚSTRIAS DE TRANSFORMAÇÃO,MOAGEM E FABRICAÇÃO DE PRODUTOS DE ORIGEM VEGETAL NÃO ESPECIFICADOS ANTERIORMENTE,N,S,R$46.85,R$0.00,R$1.00,R$47.85
3329-5/01,M,INDÚSTRIA,MONTADOR(A) DE MÓVEIS,33,INDÚSTRIAS DE TRANSFORMAÇÃO,SERVIÇOS DE MONTAGEM DE MÓVEIS DE QUALQUER MATERIAL,S,N,R$46.85,R$5.00,R$0.00,R$51.85
4329-1/04,M,SERVIÇO,"MONTADOR(A) E INSTALADOR DE SISTEMAS E EQUIPAMENTOS DE ILUMINAÇÃO E SINALIZAÇÃO EM VIAS PÚBLICAS, PORTOS E AEROPORTOS",43,CONSTRUÇÃO,"MONTAGEM E INSTALAÇÃO DE SISTEMAS E EQUIPAMENTOS DE ILUMINAÇÃO E SINALIZAÇÃO EM VIAS PÚBLICAS, PORTOS E AEROPORTOS",S,N,R$46.85,R$5.00,R$0.00,R$51.85
5320-2/02,M,SERVIÇO,MOTOBOY,53,"TRANSPORTE, ARMAZENAGEM E CORREIO",SERVIÇOS DE ENTREGA RÁPIDA,S,N,R$46.85,R$5.00,R$0.00,R$51.85
4923-0/01,M,SERVIÇO,MOTOTAXISTA,49,"TRANSPORTE, ARMAZENAGEM E CORREIO",SERVIÇO DE TÁXI,S,N,R$46.85,R$5.00,R$0.00,R$51.85
3103-9/00,M,INDÚSTRIA,MOVELEIRO(A),31,INDÚSTRIAS DE TRANSFORMAÇÃO,"FABRICAÇÃO DE MÓVEIS DE OUTROS MATERIAIS, EXCETO MADEIRA E METAL",N,S,R$46.85,R$0.00,R$1.00,R$47.85
3102-1/00,M,INDÚSTRIA,MOVELEIRO(A) DE MÓVEIS METÁLICOS,31,INDÚSTRIAS DE TRANSFORMAÇÃO,FABRICAÇÃO DE MÓVEIS COM PREDOMINÂNCIA DE METAL,N,S,R$46.85,R$0.00,R$1.00,R$47.85
2342-7/02,O,INDÚSTRIA,OLEIRO(A),23,INDÚSTRIAS DE TRANSFORMAÇÃO,"FABRICAÇÃO DE ARTEFATOS DE CERÂMICA E BARRO COZIDO PARA USO NA CONSTRUÇÃO, EXCETO AZULEJOS E PISOS",N,S,R$46.85,R$0.00,R$1.00,R$47.85
7319-0/03,O,SERVIÇO,OPERADOR(A) DE MARKETING DIRETO,73,"ATIVIDADES PROFISSIONAIS, CIENTÍFICAS E TÉCNICAS",MARKETING DIRETO,S,N,R$46.85,R$5.00,R$0.00,R$51.85
4929-9/03,O,SERVIÇO,"ORGANIZADOR(A) DE EXCURSÕES EM VEÍCULO PRÓPRIO, MUNICIPAL",49,"TRANSPORTE, ARMAZENAGEM E CORREIO","ORGANIZAÇÃO DE EXCURSÕES EM VEÍCULOS RODOVIÁRIOS PRÓPRIOS, MUNICIPAL",S,N,R$46.85,R$5.00,R$0.00,R$51.85
9529-1/06,O,SERVIÇO,OURIVES,95,OUTRAS ATIVIDADES DE SERVIÇOS,REPARAÇÃO DE JÓIAS,S,N,R$46.85,R$5.00,R$0.00,R$51.85
1091-1/01,P,INDÚSTRIA,PADEIRO(A),10,INDÚSTRIAS DE TRANSFORMAÇÃO,FABRICAÇÃO DE PRODUTOS DE PANIFICAÇÃO,N,S,R$46.85,R$0.00,R$1.00,R$47.85
7319-0/02,P,SERVIÇO,PANFLETEIRO(A),73,"ATIVIDADES PROFISSIONAIS, CIENTÍFICAS E TÉCNICAS",PROMOÇÃO DE VENDAS,S,N,R$46.85,R$5.00,R$0.00,R$51.85
4761-0/03,P,COMÉRCIO,PAPELEIRO(A),47,COMÉRCIO; REPARAÇÃO DE VEÍCULOS AUTOMOTORES E MOTOCICLETAS,COMÉRCIO VAREJISTA DE ARTIGOS DE PAPELARIA,N,S,R$46.85,R$0.00,R$1.00,R$47.85
4330-4/05,P,SERVIÇO,PASTILHEIRO(A),43,CONSTRUÇÃO,APLICAÇÃO DE REVESTIMENTOS E DE RESINAS EM INTERIORES E EXTERIORES,S,N,R$46.85,R$5.00,R$0.00,R$51.85
4399-1/03,P,SERVIÇO,PEDREIRO,43,CONSTRUÇÃO,OBRAS DE ALVENARIA,S,N,R$46.85,R$5.00,R$0.00,R$51.85
4722-9/02,P,COMÉRCIO,PEIXEIRO(A),47,COMÉRCIO; REPARAÇÃO DE VEÍCULOS AUTOMOTORES E MOTOCICLETAS,PEIXARIA,N,S,R$46.85,R$0.00,R$1.00,R$47.85
9313-1/00,P,SERVIÇO,PERSONAL TRAINER,93,"ARTES, CULTURA, ESPORTE E RECREAÇÃO",ATIVIDADES DE CONDICIONAMENTO FÍSICO,S,N,R$46.85,R$5.00,R$0.00,R$51.85
4520-0/02,P,COMÉRCIO,PINTOR(A) DE AUTOMÓVEIS,45,COMÉRCIO; REPARAÇÃO DE VEÍCULOS AUTOMOTORES E MOTOCICLETAS,SERVIÇOS DE LANTERNAGEM OU FUNILARIA E PINTURA DE VEÍCULOS AUTOMOTORES,S,N,R$46.85,R$5.00,R$0.00,R$51.85
4330-4/04,P,SERVIÇO,PINTOR(A) DE PAREDE,43,CONSTRUÇÃO,SERVIÇOS DE PINTURA DE EDIFÍCIOS EM GERAL,S,N,R$46.85,R$5.00,R$0.00,R$51.85
5612-1/00,P,SERVIÇO,PIPOQUEIRO(A),56,ALOJAMENTO E ALIMENTAÇÃO,SERVIÇOS AMBULANTES DE ALIMENTAÇÃO,N,S,R$46.85,R$0.00,R$1.00,R$47.85
2092-4/02,P,INDÚSTRIA,PIROTÉCNICO(A),20,INDÚSTRIAS DE TRANSFORMAÇÃO,FABRICAÇÃO DE ARTIGOS PIROTÉCNICOS,N,S,R$46.85,R$0.00,R$1.00,R$47.85
8129-0/00,P,SERVIÇO,PISCINEIRO(A),81,ATIVIDADES ADMINISTRATIVAS E SERVIÇOS COMPLEMENTARES,ATIVIDADES DE LIMPEZA NÃO ESPECIFICADAS ANTERIORMENTE,S,N,R$46.85,R$5.00,R$0.00,R$51.85
5620-1/02,P,SERVIÇO,PIZZAIOLO(A) EM DOMICÍLIO,56,ALOJAMENTO E ALIMENTAÇÃO,SERVIÇOS DE ALIMENTAÇÃO PARA EVENTOS E RECEPÇÕES - BUFÊ,S,S,R$46.85,R$5.00,R$1.00,R$52.85
4399-1/05,P,SERVIÇO,POCEIRO/CISTERNEIRO/CACIMBEIRO,43,CONSTRUÇÃO,PERFURAÇÃO E CONSTRUÇÃO DE POÇOS DE ÁGUA,S,N,R$46.85,R$5.00,R$0.00,R$51.85
2391-5/02,P,INDÚSTRIA,"PRODUTOR DE PEDRAS PARA CONSTRUÇÃO, NÃO ASSOCIADA À EXTRAÇÃO",23,INDÚSTRIAS DE TRANSFORMAÇÃO,"APARELHAMENTO DE PEDRAS PARA CONSTRUÇÃO, EXCETO ASSOCIADO À EXTRAÇÃO",N,S,R$46.85,R$0.00,R$1.00,R$47.85
8599-6/99,P,SERVIÇO,PROFESSOR(A) PARTICULAR,85,EDUCAÇÃO,OUTRAS ATIVIDADES DE ENSINO NÃO ESPECIFICADAS ANTERIORMENTE,S,N,R$46.85,R$5.00,R$0.00,R$51.85
8230-0/01,P,SERVIÇO,PROMOTOR(A) DE EVENTOS,82,ATIVIDADES ADMINISTRATIVAS E SERVIÇOS COMPLEMENTARES,"SERVIÇOS DE ORGANIZAÇÃO DE FEIRAS, CONGRESSOS, EXPOSIÇÕES E FESTAS",S,N,R$46.85,R$5.00,R$0.00,R$51.85
7990-2/00,P,SERVIÇO,PROMOTOR(A) DE TURISMO LOCAL,79,ATIVIDADES ADMINISTRATIVAS E SERVIÇOS COMPLEMENTARES,SERVIÇOS DE RESERVAS E OUTROS SERVIÇOS DE TURISMO NÃO ESPECIFICADOS ANTERIORMENTE,S,N,R$46.85,R$5.00,R$0.00,R$51.85
7319-0/02,P,SERVIÇO,PROMOTOR(A) DE VENDAS,73,"ATIVIDADES PROFISSIONAIS, CIENTÍFICAS E TÉCNICAS",PROMOÇÃO DE VENDAS,S,N,R$46.85,R$5.00,R$0.00,R$51.85
5590-6/01,P,SERVIÇO,PROPRIETÁRIO(A) DE ALBERGUE NÃO ASSISTENCIAL,55,ALOJAMENTO E ALIMENTAÇÃO,"ALBERGUES, EXCETO ASSISTENCIAIS",S,N,R$46.85,R$5.00,R$0.00,R$51.85
5611-2/02,P,SERVIÇO,PROPRIETÁRIO(A) DE BAR E CONGÊNERES,56,ALOJAMENTO E ALIMENTAÇÃO,BARES E OUTROS ESTABELECIMENTOS ESPECIALIZADOS EM SERVIR BEBIDAS,N,S,R$46.85,R$0.00,R$1.00,R$47.85
5590-6/02,P,SERVIÇO,PROPRIETÁRIO(A) DE CAMPING,55,ALOJAMENTO E ALIMENTAÇÃO,CAMPINGS,S,N,R$46.85,R$5.00,R$0.00,R$51.85
5620-1/03,P,SERVIÇO,PROPRIETÁRIO(A) DE CANTINAS,56,ALOJAMENTO E ALIMENTAÇÃO,CANTINAS - SERVIÇOS DE ALIMENTAÇÃO PRIVATIVOS,N,S,R$46.85,R$0.00,R$1.00,R$47.85
7319-0/99,P,SERVIÇO,PROPRIETÁRIO(A) DE CARRO DE SOM PARA FINS PUBLICITÁRIOS,73,"ATIVIDADES PROFISSIONAIS, CIENTÍFICAS E TÉCNICAS",OUTRAS ATIVIDADES DE PUBLICIDADE NÃO ESPECIFICADAS ANTERIORMENTE,S,N,R$46.85,R$5.00,R$0.00,R$51.85
5611-2/03,P,SERVIÇO,PROPRIETÁRIO(A) DE CASA DE CHÁ,56,ALOJAMENTO E ALIMENTAÇÃO,"LANCHONETES, CASAS DE CHÁ, DE SUCOS E SIMILARES",N,S,R$46.85,R$0.00,R$1.00,R$47.85
5611-2/03,P,SERVIÇO,PROPRIETÁRIO(A) DE CASA DE SUCOS,56,ALOJAMENTO E ALIMENTAÇÃO,"LANCHONETES, CASAS DE CHÁ, DE SUCOS E SIMILARES",N,S,R$46.85,R$0.00,R$1.00,R$47.85
8230-0/02,P,SERVIÇO,PROPRIETÁRIO(A) DE CASAS DE FESTAS E EVENTOS,82,ATIVIDADES ADMINISTRATIVAS E SERVIÇOS COMPLEMENTARES,CASAS DE FESTAS E EVENTOS,S,N,R$46.85,R$5.00,R$0.00,R$51.85
5223-1/00,P,SERVIÇO,PROPRIETÁRIO(A) DE ESTACIONAMENTO DE VEÍCULOS,52,"TRANSPORTE, ARMAZENAGEM E CORREIO",ESTACIONAMENTO DE VEÍCULOS,S,N,R$46.85,R$5.00,R$0.00,R$51.85
9329-8/04,P,SERVIÇO,PROPRIETÁRIO(A) DE FLIPERAMA,93,"ARTES, CULTURA, ESPORTE E RECREAÇÃO",EXPLORAÇÃO DE JOGOS ELETRÔNICOS RECREATIVOS,S,N,R$46.85,R$5.00,R$0.00,R$51.85
5590-6/99,P,SERVIÇO,PROPRIETÁRIO(A) DE HOSPEDARIA,55,ALOJAMENTO E ALIMENTAÇÃO,OUTROS ALOJAMENTOS NÃO ESPECIFICADOS ANTERIORMENTE,S,N,R$46.85,R$5.00,R$0.00,R$51.85
5611-2/03,P,SERVIÇO,PROPRIETÁRIO(A) DE LANCHONETE,56,ALOJAMENTO E ALIMENTAÇÃO,"LANCHONETES, CASAS DE CHÁ, DE SUCOS E SIMILARES",N,S,R$46.85,R$0.00,R$1.00,R$47.85
5590-6/03,P,SERVIÇO,PROPRIETÁRIO(A) DE PENSÃO,55,ALOJAMENTO E ALIMENTAÇÃO,PENSÕES (ALOJAMENTO),S,N,R$46.85,R$5.00,R$0.00,R$51.85
5611-2/01,P,SERVIÇO,PROPRIETÁRIO(A) DE RESTAURANTE,56,ALOJAMENTO E ALIMENTAÇÃO,RESTAURANTES E SIMILARES,N,S,R$46.85,R$0.00,R$1.00,R$47.85
8299-7/07,P,SERVIÇO,PROPRIETÁRIO(A) DE SALA DE ACESSO À INTERNET,82,ATIVIDADES ADMINISTRATIVAS E SERVIÇOS COMPLEMENTARES,SALAS DE ACESSO À INTERNET,S,N,R$46.85,R$5.00,R$0.00,R$51.85
9329-8/03,P,SERVIÇO,PROPRIETÁRIO(A) DE SALÃO DE JOGOS DE SINUCA E BILHAR,93,"ARTES, CULTURA, ESPORTE E RECREAÇÃO","EXPLORAÇÃO DE JOGOS DE SINUCA, BILHAR E SIMILARES",S,N,R$46.85,R$5.00,R$0.00,R$51.85
1052-0/00,Q,INDÚSTRIA,QUEIJEIRO(A)/ MANTEIGUEIRO(A),10,INDÚSTRIAS DE TRANSFORMAÇÃO,FABRICAÇÃO DE LATICÍNIOS,N,S,R$46.85,R$0.00,R$1.00,R$47.85
4729-6/99,Q,COMÉRCIO,QUITANDEIRO(A),47,COMÉRCIO; REPARAÇÃO DE VEÍCULOS AUTOMOTORES E MOTOCICLETAS,COMÉRCIO VAREJISTA DE PRODUTOS ALIMENTÍCIOS EM GERAL OU ESPECIALIZADO EM PRODUTOS ALIMENTÍCIOS NÃO ESPECIFICADOS ANTERIORMENTE,N,S,R$46.85,R$0.00,R$1.00,R$47.85
5612-1/00,Q,SERVIÇO,QUITANDEIRO(A) AMBULANTE,56,ALOJAMENTO E ALIMENTAÇÃO,SERVIÇOS AMBULANTES DE ALIMENTAÇÃO,N,S,R$46.85,R$0.00,R$1.00,R$47.85
4751-2/02,R,COMÉRCIO,RECARREGADOR(A) DE CARTUCHOS PARA EQUIPAMENTOS DE INFORMÁTICA,47,COMÉRCIO; REPARAÇÃO DE VEÍCULOS AUTOMOTORES E MOTOCICLETAS,RECARGA DE CARTUCHOS PARA EQUIPAMENTOS DE INFORMÁTICA,S,S,R$46.85,R$5.00,R$1.00,R$52.85
3839-4/99,R,SERVIÇO,"RECICLADOR(A) DE BORRACHA, MADEIRA, PAPEL E VIDRO",38,"ÁGUA, ESGOTO, ATIVIDADES DE GESTÃO DE RESÍDUOS E DESCONTAMINAÇÃO",RECUPERAÇÃO DE MATERIAIS NÃO ESPECIFICADOS ANTERIORMENTE,S,S,R$46.85,R$5.00,R$1.00,R$52.85
3831-9/99,R,SERVIÇO,"RECICLADOR (A) DE MATERIAIS METÁLICOS, EXCETO ALUMÍNIO",38,"ÁGUA, ESGOTO, ATIVIDADES DE GESTÃO DE RESÍDUOS E DESCONTAMINAÇÃO","RECUPERAÇÃO DE MATERIAIS METÁLICOS, EXCETO ALUMÍNIO",S,S,R$46.85,R$5.00,R$1.00,R$52.85
3832-7/00,R,SERVIÇO,RECICLADOR (A) DE MATERIAIS PLÁSTICOS,38,"ÁGUA, ESGOTO, ATIVIDADES DE GESTÃO DE RESÍDUOS E DESCONTAMINAÇÃO",RECUPERAÇÃO DE MATERIAIS PLÁSTICOS,S,S,R$46.85,R$5.00,R$1.00,R$52.85
3831-9/01,R,SERVIÇO,RECICLADOR (A) DE SUCATAS DE ALUMÍNIO,38,"ÁGUA, ESGOTO, ATIVIDADES DE GESTÃO DE RESÍDUOS E DESCONTAMINAÇÃO",RECUPERAÇÃO DE SUCATAS DE ALUMÍNIO,S,S,R$46.85,R$5.00,R$1.00,R$52.85
1353-7/00,R,INDÚSTRIA,REDEIRO(A),13,INDÚSTRIAS DE TRANSFORMAÇÃO,FABRICAÇÃO DE ARTEFATOS DE CORDOARIA,N,S,R$46.85,R$0.00,R$1.00,R$47.85
9529-1/03,R,SERVIÇO,RELOJOEIRO(A),95,OUTRAS ATIVIDADES DE SERVIÇOS,REPARAÇÃO DE RELÓGIOS,S,N,R$46.85,R$5.00,R$0.00,R$51.85
9603-3/99,R,SERVIÇO,REMOVEDOR E EXUMADOR DE CADÁVER,96,OUTRAS ATIVIDADES DE SERVIÇOS,ATIVIDADES FUNERÁRIAS E SERVIÇOS RELACIONADOS NÃO ESPECIFICADOS ANTERIORMENTE,S,N,R$46.85,R$5.00,R$0.00,R$51.85
1359-6/00,R,INDÚSTRIA,RENDEIRO(A),13,INDÚSTRIAS DE TRANSFORMAÇÃO,FABRICAÇÃO DE OUTROS PRODUTOS TÊXTEIS NÃO ESPECIFICADOS ANTERIORMENTE,N,S,R$46.85,R$0.00,R$1.00,R$47.85
3313-9/99,R,INDÚSTRIA,REPARADOR(A) DE APARELHOS E EQUIPAMENTOS PARA DISTRIBUIÇÃO E CONTROLE DE ENERGIA ELÉTRICA,33,INDÚSTRIAS DE TRANSFORMAÇÃO,"MANUTENÇÃO E REPARAÇÃO DE MÁQUINAS, APARELHOS E MATERIAIS ELÉTRICOS NÃO ESPECIFICADOS ANTERIORMENTE",S,N,R$46.85,R$5.00,R$0.00,R$51.85
9529-1/05,R,SERVIÇO,REPARADOR (A) DE ARTIGOS DE TAPEÇARIA,95,OUTRAS ATIVIDADES DE SERVIÇOS,REPARAÇÃO DE ARTIGOS DO MOBILIÁRIO,S,N,R$46.85,R$5.00,R$0.00,R$51.85
9529-1/99,R,SERVIÇO,REPARADOR(A) DE ARTIGOS E ACESSÓRIOS DO VESTUÁRIO,95,OUTRAS ATIVIDADES DE SERVIÇOS,REPARAÇÃO E MANUTENÇÃO DE OUTROS OBJETOS E EQUIPAMENTOS PESSOAIS E DOMÉSTICOS NÃO ESPECIFICADOS ANTERIORMENTE,S,N,R$46.85,R$5.00,R$0.00,R$51.85
3314-7/10,R,INDÚSTRIA,REPARADOR(A) DE BALANÇAS INDUSTRIAIS E COMERCIAIS,33,INDÚSTRIAS DE TRANSFORMAÇÃO,MANUTENÇÃO E REPARAÇÃO DE MÁQUINAS E EQUIPAMENTOS PARA USO GERAL NÃO ESPECIFICADOS ANTERIORMENTE,S,N,R$46.85,R$5.00,R$0.00,R$51.85
3313-9/02,R,INDÚSTRIA,"REPARADOR(A) DE BATERIAS E ACUMULADORES ELÉTRICOS, EXCETO PARA VEÍCULOS",33,INDÚSTRIAS DE TRANSFORMAÇÃO,"MANUTENÇÃO E REPARAÇÃO DE BATERIAS E ACUMULADORES ELÉTRICOS, EXCETO PARA VEÍCULOS",S,N,R$46.85,R$5.00,R$0.00,R$51.85
9529-1/04,R,SERVIÇO,REPARADOR(A) DE BICICLETA,95,OUTRAS ATIVIDADES DE SERVIÇOS,"REPARAÇÃO DE BICICLETAS, TRICICLOS E OUTROS VEÍCULOS NÃO-MOTORIZADOS",S,N,R$46.85,R$5.00,R$0.00,R$51.85
9529-1/99,R,SERVIÇO,REPARADOR(A) DE BRINQUEDOS,95,OUTRAS ATIVIDADES DE SERVIÇOS,REPARAÇÃO E MANUTENÇÃO DE OUTROS OBJETOS E EQUIPAMENTOS PESSOAIS E DOMÉSTICOS NÃO ESPECIFICADOS ANTERIORMENTE,S,N,R$46.85,R$5.00,R$0.00,R$51.85
3319-8/00,R,INDÚSTRIA,"REPARADOR(A) DE CORDAS, VELAMES E LONAS",33,INDÚSTRIAS DE TRANSFORMAÇÃO,MANUTENÇÃO E REPARAÇÃO DE EQUIPAMENTOS E PRODUTOS NÃO ESPECIFICADOS ANTERIORMENTE,S,N,R$46.85,R$5.00,R$0.00,R$51.85
3317-1/02,R,INDÚSTRIA,REPARADOR(A) DE EMBARCAÇÕES PARA ESPORTE E LAZER,33,INDÚSTRIAS DE TRANSFORMAÇÃO,MANUTENÇÃO E REPARAÇÃO DE EMBARCAÇÕES PARA ESPORTE E LAZER,S,N,R$46.85,R$5.00,R$0.00,R$51.85
9529-1/99,R,SERVIÇO,REPARADOR(A) DE EQUIPAMENTOS ESPORTIVOS,95,OUTRAS ATIVIDADES DE SERVIÇOS,REPARAÇÃO E MANUTENÇÃO DE OUTROS OBJETOS E EQUIPAMENTOS PESSOAIS E DOMÉSTICOS NÃO ESPECIFICADOS ANTERIORMENTE,S,N,R$46.85,R$5.00,R$0.00,R$51.85
3314-7/02,R,INDÚSTRIA,"REPARADOR(A) DE EQUIPAMENTOS HIDRÁULICOS E PNEUMÁTICOS, EXCETO VÁLVULAS",33,INDÚSTRIAS DE TRANSFORMAÇÃO,"MANUTENÇÃO E REPARAÇÃO DE EQUIPAMENTOS HIDRÁULICOS E PNEUMÁTICOS, EXCETO VÁLVULAS",S,N,R$46.85,R$5.00,R$0.00,R$51.85
3319-8/00,R,INDÚSTRIA,REPARADOR(A) DE EQUIPAMENTOS MÉDICO-HOSPITALARES NÃO-ELETRÔNICOS,33,INDÚSTRIAS DE TRANSFORMAÇÃO,MANUTENÇÃO E REPARAÇÃO DE EQUIPAMENTOS E PRODUTOS NÃO ESPECIFICADOS ANTERIORMENTE,S,N,R$46.85,R$5.00,R$0.00,R$51.85
3314-7/10,R,INDÚSTRIA,REPARADOR(A) DE EXTINTOR DE INCÊNDIO,33,INDÚSTRIAS DE TRANSFORMAÇÃO,MANUTENÇÃO E REPARAÇÃO DE MÁQUINAS E EQUIPAMENTOS PARA USO GERAL NÃO ESPECIFICADOS ANTERIORMENTE,S,N,R$46.85,R$5.00,R$0.00,R$51.85
3314-7/10,R,INDÚSTRIA,REPARADOR(A) DE FILTROS INDUSTRIAIS,33,INDÚSTRIAS DE TRANSFORMAÇÃO,MANUTENÇÃO E REPARAÇÃO DE MÁQUINAS E EQUIPAMENTOS PARA USO GERAL NÃO ESPECIFICADOS ANTERIORMENTE,S,N,R$46.85,R$5.00,R$0.00,R$51.85
3313-9/01,R,INDÚSTRIA,"REPARADOR(A) DE GERADORES, TRANSFORMADORES E MOTORES ELÉTRICOS",33,INDÚSTRIAS DE TRANSFORMAÇÃO,"MANUTENÇÃO E REPARAÇÃO DE GERADORES, TRANSFORMADORES E MOTORES ELÉTRICOS",S,N,R$46.85,R$5.00,R$0.00,R$51.85
9529-1/99,R,SERVIÇO,REPARADOR(A) DE GUARDA CHUVA E SOMBRINHAS,95,OUTRAS ATIVIDADES DE SERVIÇOS,REPARAÇÃO E MANUTENÇÃO DE OUTROS OBJETOS E EQUIPAMENTOS PESSOAIS E DOMÉSTICOS NÃO ESPECIFICADOS ANTERIORMENTE,S,N,R$46.85,R$5.00,R$0.00,R$51.85
9529-1/99,R,SERVIÇO,REPARADOR(A) DE INSTRUMENTOS MUSICAIS,95,OUTRAS ATIVIDADES DE SERVIÇOS,REPARAÇÃO E MANUTENÇÃO DE OUTROS OBJETOS E EQUIPAMENTOS PESSOAIS E DOMÉSTICOS NÃO ESPECIFICADOS ANTERIORMENTE,S,N,R$46.85,R$5.00,R$0.00,R$51.85
3314-7/09,R,INDÚSTRIA,"REPARADOR(A) DE MÁQUINAS DE ESCREVER, CALCULAR E DE OUTROS EQUIPAMENTOS NÃO-ELETRÔNICOS PARA ESCRITÓRIO",33,INDÚSTRIAS DE TRANSFORMAÇÃO,"MANUTENÇÃO E REPARAÇÃO DE MÁQUINAS DE ESCREVER, CALCULAR E DE OUTROS EQUIPAMENTOS NÃO-ELETRÔNICOS PARA ESCRITÓRIO",S,N,R$46.85,R$5.00,R$0.00,R$51.85
3314-7/07,R,INDÚSTRIA,REPARADOR(A) DE MÁQUINAS E APARELHOS DE REFRIGERAÇÃO E VENTILAÇÃO PARA USO INDUSTRIAL E COMERCIAL,33,INDÚSTRIAS DE TRANSFORMAÇÃO,MANUTENÇÃO E REPARAÇÃO DE MÁQUINAS E APARELHOS DE REFRIGERAÇÃO E VENTILAÇÃO PARA USO INDUSTRIAL E COMERCIAL,S,N,R$46.85,R$5.00,R$0.00,R$51.85
3314-7/99,R,INDÚSTRIA,REPARADOR(A) DE MÁQUINAS E APARELHOS PARA A INDÚSTRIA GRÁFICA,33,INDÚSTRIAS DE TRANSFORMAÇÃO,MANUTENÇÃO E REPARAÇÃO DE OUTRAS MÁQUINAS E EQUIPAMENTOS PARA USOS INDUSTRIAIS NÃO ESPECIFICADOS ANTERIORMENTE,S,N,R$46.85,R$5.00,R$0.00,R$51.85
3314-7/99,R,INDÚSTRIA,REPARADOR(A) DE MÁQUINAS E EQUIPAMENTOS PARA A INDÚSTRIA DA MADEIRA,33,INDÚSTRIAS DE TRANSFORMAÇÃO,MANUTENÇÃO E REPARAÇÃO DE OUTRAS MÁQUINAS E EQUIPAMENTOS PARA USOS INDUSTRIAIS NÃO ESPECIFICADOS ANTERIORMENTE,S,N,R$46.85,R$5.00,R$0.00,R$51.85
3314-7/20,R,INDÚSTRIA,"REPARADOR(A) DE MÁQUINAS E EQUIPAMENTOS PARA A INDÚSTRIA TÊXTIL, DO VESTUÁRIO, DO COURO E CALÇADOS",33,INDÚSTRIAS DE TRANSFORMAÇÃO,"MANUTENÇÃO E REPARAÇÃO DE MÁQUINAS E EQUIPAMENTOS PARA A INDÚSTRIA TÊXTIL, DO VESTUÁRIO, DO COURO E CALÇADOS",S,N,R$46.85,R$5.00,R$0.00,R$51.85
3314-7/11,R,INDÚSTRIA,REPARADOR(A) DE MÁQUINAS E EQUIPAMENTOS PARA AGRICULTURA E PECUÁRIA,33,INDÚSTRIAS DE TRANSFORMAÇÃO,MANUTENÇÃO E REPARAÇÃO DE MÁQUINAS E EQUIPAMENTOS PARA AGRICULTURA E PECUÁRIA,S,N,R$46.85,R$5.00,R$0.00,R$51.85
3314-7/19,R,INDÚSTRIA,"REPARADOR(A) DE MÁQUINAS E EQUIPAMENTOS PARA AS INDÚSTRIAS DE ALIMENTOS, BEBIDAS E FUMO",33,INDÚSTRIAS DE TRANSFORMAÇÃO,"MANUTENÇÃO E REPARAÇÃO DE MÁQUINAS E EQUIPAMENTOS PARA AS INDÚSTRIAS DE ALIMENTOS, BEBIDAS E FUMO",S,N,R$46.85,R$5.00,R$0.00,R$51.85
3314-7/01,R,INDÚSTRIA,REPARADOR(A) DE MÁQUINAS MOTRIZES NÃO-ELÉTRICAS,33,INDÚSTRIAS DE TRANSFORMAÇÃO,MANUTENÇÃO E REPARAÇÃO DE MÁQUINAS MOTRIZES NÃO-ELÉTRICAS,S,N,R$46.85,R$5.00,R$0.00,R$51.85
3314-7/10,R,INDÚSTRIA,REPARADOR(A) DE MÁQUINAS PARA BARES E LANCHONETES,33,INDÚSTRIAS DE TRANSFORMAÇÃO,MANUTENÇÃO E REPARAÇÃO DE MÁQUINAS E EQUIPAMENTOS PARA USO GERAL NÃO ESPECIFICADOS ANTERIORMENTE,S,N,R$46.85,R$5.00,R$0.00,R$51.85
3314-7/99,R,INDÚSTRIA,REPARADOR(A) DE MÁQUINAS PARA ENCADERNAÇÃO,33,INDÚSTRIAS DE TRANSFORMAÇÃO,MANUTENÇÃO E REPARAÇÃO DE OUTRAS MÁQUINAS E EQUIPAMENTOS PARA USOS INDUSTRIAIS NÃO ESPECIFICADOS ANTERIORMENTE,S,N,R$46.85,R$5.00,R$0.00,R$51.85
3314-7/06,R,INDÚSTRIA,"REPARADOR(A) DE MÁQUINAS, APARELHOS E EQUIPAMENTOS PARA INSTALAÇÕES TÉRMICAS",33,INDÚSTRIAS DE TRANSFORMAÇÃO,"MANUTENÇÃO E REPARAÇÃO DE MÁQUINAS, APARELHOS E EQUIPAMENTOS PARA INSTALAÇÕES TÉRMICAS",S,N,R$46.85,R$5.00,R$0.00,R$51.85
9529-1/05,R,SERVIÇO,REPARADOR(A) DE MÓVEIS,95,OUTRAS ATIVIDADES DE SERVIÇOS,REPARAÇÃO DE ARTIGOS DO MOBILIÁRIO,S,N,R$46.85,R$5.00,R$0.00,R$51.85
9529-1/99,R,SERVIÇO,REPARADOR(A) DE PANELAS (PANELEIRO),95,OUTRAS ATIVIDADES DE SERVIÇOS,REPARAÇÃO E MANUTENÇÃO DE OUTROS OBJETOS E EQUIPAMENTOS PESSOAIS E DOMÉSTICOS NÃO ESPECIFICADOS ANTERIORMENTE,S,N,R$46.85,R$5.00,R$0.00,R$51.85
3311-2/00,R,INDÚSTRIA,"REPARADOR(A) DE TANQUES, RESERVATÓRIOS METÁLICOS E CALDEIRAS, EXCETO PARA VEÍCULOS",33,INDÚSTRIAS DE TRANSFORMAÇÃO,"MANUTENÇÃO E REPARAÇÃO DE TANQUES, RESERVATÓRIOS METÁLICOS E CALDEIRAS, EXCETO PARA VEÍCULOS",S,N,R$46.85,R$5.00,R$0.00,R$51.85
9529-1/05,R,SERVIÇO,REPARADOR(A) DE TOLDOS E PERSIANAS,95,OUTRAS ATIVIDADES DE SERVIÇOS,REPARAÇÃO DE ARTIGOS DO MOBILIÁRIO,S,N,R$46.85,R$5.00,R$0.00,R$51.85
3319-8/00,R,INDÚSTRIA,"REPARADOR(A) DE TONÉIS, BARRIS E PALETES DE MADEIRA",33,INDÚSTRIAS DE TRANSFORMAÇÃO,MANUTENÇÃO E REPARAÇÃO DE EQUIPAMENTOS E PRODUTOS NÃO ESPECIFICADOS ANTERIORMENTE,S,N,R$46.85,R$5.00,R$0.00,R$51.85
3314-7/12,R,INDÚSTRIA,REPARADOR(A) DE TRATORES AGRÍCOLAS,33,INDÚSTRIAS DE TRANSFORMAÇÃO,MANUTENÇÃO E REPARAÇÃO DE TRATORES AGRÍCOLAS,S,N,R$46.85,R$5.00,R$0.00,R$51.85
3319-8/00,R,INDÚSTRIA,REPARADOR(A) DE VEÍCULOS DE TRAÇÃO ANIMAL,33,INDÚSTRIAS DE TRANSFORMAÇÃO,MANUTENÇÃO E REPARAÇÃO DE EQUIPAMENTOS E PRODUTOS NÃO ESPECIFICADOS ANTERIORMENTE,S,N,R$46.85,R$5.00,R$0.00,R$51.85
3319-8/00,R,INDÚSTRIA,RESTAURADOR(A) DE INSTRUMENTOS MUSICAIS HISTÓRICOS,33,INDÚSTRIAS DE TRANSFORMAÇÃO,MANUTENÇÃO E REPARAÇÃO DE EQUIPAMENTOS E PRODUTOS NÃO ESPECIFICADOS ANTERIORMENTE,S,N,R$46.85,R$5.00,R$0.00,R$51.85
3319-8/00,R,INDÚSTRIA,RESTAURADOR(A) DE JOGOS ACIONADOS POR MOEDAS,33,INDÚSTRIAS DE TRANSFORMAÇÃO,MANUTENÇÃO E REPARAÇÃO DE EQUIPAMENTOS E PRODUTOS NÃO ESPECIFICADOS ANTERIORMENTE,S,N,R$46.85,R$5.00,R$0.00,R$51.85
9529-1/99,R,SERVIÇO,RESTAURADOR(A) DE LIVROS,95,OUTRAS ATIVIDADES DE SERVIÇOS,REPARAÇÃO E MANUTENÇÃO DE OUTROS OBJETOS E EQUIPAMENTOS PESSOAIS E DOMÉSTICOS NÃO ESPECIFICADOS ANTERIORMENTE,S,N,R$46.85,R$5.00,R$0.00,R$51.85
9002-7/02,R,SERVIÇO,RESTAURADOR(A) DE OBRAS DE ARTE,90,"ARTES, CULTURA, ESPORTE E RECREAÇÃO",RESTAURAÇÃO DE OBRAS DE ARTE,S,N,R$46.85,R$5.00,R$0.00,R$51.85
9102-3/02,R,SERVIÇO,RESTAURADOR(A) DE PRÉDIOS HISTÓRICOS,91,"ARTES, CULTURA, ESPORTE E RECREAÇÃO",RESTAURAÇÃO E CONSERVAÇÃO DE LUGARES E PRÉDIOS HISTÓRICOS,S,N,R$46.85,R$5.00,R$0.00,R$51.85
2950-6/00,R,INDÚSTRIA,RETIFICADOR(A) DE MOTORES PARA VEÍCULOS AUTOMOTORES,29,INDÚSTRIAS DE TRANSFORMAÇÃO,RECONDICIONAMENTO E RECUPERAÇÃO DE MOTORES PARA VEÍCULOS AUTOMOTORES,S,N,R$46.85,R$5.00,R$0.00,R$51.85
7420-0/03,R,SERVIÇO,REVELADOR(A) FOTOGRÁFICO,74,"ATIVIDADES PROFISSIONAIS, CIENTÍFICAS E TÉCNICAS",LABORATÓRIOS FOTOGRÁFICOS,S,N,R$46.85,R$5.00,R$0.00,R$51.85
5620-1/04,S,SERVIÇO,SALGADEIRO(A),56,ALOJAMENTO E ALIMENTAÇÃO,FORNECIMENTO DE ALIMENTOS PREPARADOS PREPONDERANTEMENTE PARA CONSUMO DOMICILIAR,N,S,R$46.85,R$0.00,R$1.00,R$47.85
0892-4/01,S,INDÚSTRIA,SALINEIRO/EXTRATOR DE SAL MARINHO,8,INDÚSTRIAS EXTRATIVAS,EXTRAÇÃO DE SAL MARINHO,N,S,R$46.85,R$0.00,R$1.00,R$47.85
1013-9/01,S,INDÚSTRIA,SALSICHEIRO(A)/LINGUICEIRO(A),10,INDÚSTRIAS DE TRANSFORMAÇÃO,FABRICAÇÃO DE PRODUTOS DE CARNE,N,S,R$46.85,R$0.00,R$1.00,R$47.85
9529-1/01,S,SERVIÇO,SAPATEIRO(A),95,OUTRAS ATIVIDADES DE SERVIÇOS,"REPARAÇÃO DE CALÇADOS, DE BOLSAS E ARTIGOS DE VIAGEM",S,N,R$46.85,R$5.00,R$0.00,R$51.85
1529-7/00,S,INDÚSTRIA,SELEIRO(A),15,INDÚSTRIAS DE TRANSFORMAÇÃO,FABRICAÇÃO DE ARTEFATOS DE COURO NÃO ESPECIFICADOS ANTERIORMENTE,N,S,R$46.85,R$0.00,R$1.00,R$47.85
9603-3/03,S,SERVIÇO,SEPULTADOR,96,OUTRAS ATIVIDADES DE SERVIÇOS,SERVIÇOS DE SEPULTAMENTO,S,N,R$46.85,R$5.00,R$0.00,R$51.85
1813-0/99,S,INDÚSTRIA,SERIGRAFISTA,18,INDÚSTRIAS DE TRANSFORMAÇÃO,IMPRESSÃO DE MATERIAL PARA OUTROS USOS,S,S,R$46.85,R$5.00,R$1.00,R$52.85
1813-0/01,S,INDÚSTRIA,SERIGRAFISTA PUBLICITÁRIO,18,INDÚSTRIAS DE TRANSFORMAÇÃO,IMPRESSÃO DE MATERIAL PARA USO PUBLICITÁRIO,S,S,R$46.85,R$5.00,R$1.00,R$52.85
2542-0/00,S,INDÚSTRIA,"SERRALHEIRO (A), SOB ENCOMENDA OU NÃO",25,INDÚSTRIAS DE TRANSFORMAÇÃO,"FABRICAÇÃO DE ARTIGOS DE SERRALHERIA, EXCETO ESQUADRIAS",S,S,R$46.85,R$5.00,R$1.00,R$52.85
4330-4/05,S,SERVIÇO,SINTEQUEIRO(A),43,CONSTRUÇÃO,APLICAÇÃO DE REVESTIMENTOS E DE RESINAS EM INTERIORES E EXTERIORES,S,N,R$46.85,R$5.00,R$0.00,R$51.85
2539-0/01,S,INDÚSTRIA,SOLDADOR(A) / BRASADOR(A),25,INDÚSTRIAS DE TRANSFORMAÇÃO,"SERVIÇOS DE USINAGEM, TORNEARIA E SOLDA",S,N,R$46.85,R$5.00,R$0.00,R$51.85
4729-6/99,S,COMÉRCIO,SORVETEIRO(A),47,COMÉRCIO; REPARAÇÃO DE VEÍCULOS AUTOMOTORES E MOTOCICLETAS,COMÉRCIO VAREJISTA DE PRODUTOS ALIMENTÍCIOS EM GERAL OU ESPECIALIZADO EM PRODUTOS ALIMENTÍCIOS NÃO ESPECIFICADOS ANTERIORMENTE,N,S,R$46.85,R$0.00,R$1.00,R$47.85
5612-1/00,S,SERVIÇO,SORVETEIRO(A) AMBULANTE,56,ALOJAMENTO E ALIMENTAÇÃO,SERVIÇOS AMBULANTES DE ALIMENTAÇÃO,N,S,R$46.85,R$0.00,R$1.00,R$47.85
1623-4/00,T,INDÚSTRIA,TANOEIRO(A),16,INDÚSTRIAS DE TRANSFORMAÇÃO,FABRICAÇÃO DE ARTEFATOS DE TANOARIA E DE EMBALAGENS DE MADEIRA,N,S,R$46.85,R$0.00,R$1.00,R$47.85
1352-9/00,T,INDÚSTRIA,TAPECEIRO(A),13,INDÚSTRIAS DE TRANSFORMAÇÃO,FABRICAÇÃO DE ARTEFATOS DE TAPEÇARIA,N,S,R$46.85,R$0.00,R$1.00,R$47.85
9609-2/06,T,SERVIÇO,TATUADOR(A),96,OUTRAS ATIVIDADES DE SERVIÇOS,SERVIÇOS DE TATUAGEM E COLOCAÇÃO DE PIERCING,S,N,R$46.85,R$5.00,R$0.00,R$51.85
4923-0/01,T,SERVIÇO,TAXISTA,49,"TRANSPORTE, ARMAZENAGEM E CORREIO",SERVIÇO DE TÁXI,S,N,R$46.85,R$5.00,R$0.00,R$51.85
1322-7/00,T,INDÚSTRIA,TECELÃO(Ã),13,INDÚSTRIAS DE TRANSFORMAÇÃO,"TECELAGEM DE FIOS DE FIBRAS TÊXTEIS NATURAIS, EXCETO ALGODÃO",N,S,R$46.85,R$0.00,R$1.00,R$47.85
1321-9/00,T,INDÚSTRIA,TECELÃO(Ã) DE ALGODÃO,13,INDÚSTRIAS DE TRANSFORMAÇÃO,TECELAGEM DE FIOS DE ALGODÃO,N,S,R$46.85,R$0.00,R$1.00,R$47.85
9001-9/06,T,SERVIÇO,TÉCNICO(A) DE SONORIZAÇÃO E DE ILUMINAÇÃO,90,"ARTES, CULTURA, ESPORTE E RECREAÇÃO",ATIVIDADES DE SONORIZAÇÃO E DE ILUMINAÇÃO,S,N,R$46.85,R$5.00,R$0.00,R$51.85
9511-8/00,T,SERVIÇO,TÉCNICO(A) DE MANUTENÇÃO DE COMPUTADOR,95,OUTRAS ATIVIDADES DE SERVIÇOS,REPARAÇÃO E MANUTENÇÃO DE COMPUTADORES E DE EQUIPAMENTOS PERIFÉRICOS,S,N,R$46.85,R$5.00,R$0.00,R$51.85
9521-5/00,T,SERVIÇO,TÉCNICO(A) DE MANUTENÇÃO DE ELETRODOMÉSTICOS,95,OUTRAS ATIVIDADES DE SERVIÇOS,REPARAÇÃO E MANUTENÇÃO DE EQUIPAMENTOS ELETROELETRÔNICOS DE USO PESSOAL E DOMÉSTICO,S,N,R$46.85,R$5.00,R$0.00,R$51.85
9512-6/00,T,SERVIÇO,TÉCNICO(A) DE MANUTENÇÃO DE TELEFONIA,95,OUTRAS ATIVIDADES DE SERVIÇOS,REPARAÇÃO E MANUTENÇÃO DE EQUIPAMENTOS DE COMUNICAÇÃO,S,N,R$46.85,R$5.00,R$0.00,R$51.85
4399-1/99,T,SERVIÇO,TELHADOR(A),43,CONSTRUÇÃO,SERVIÇOS ESPECIALIZADOS PARA CONSTRUÇÃO NÃO ESPECIFICADOS ANTERIORMENTE,S,N,R$46.85,R$5.00,R$0.00,R$51.85
9601-7/02,T,SERVIÇO,TINTUREIRO(A),96,OUTRAS ATIVIDADES DE SERVIÇOS,TINTURARIAS,S,N,R$46.85,R$5.00,R$0.00,R$51.85
2539-0/01,T,INDÚSTRIA,TORNEIRO(A) MECÂNICO,25,INDÚSTRIAS DE TRANSFORMAÇÃO,"SERVIÇOS DE USINAGEM, TORNEARIA E SOLDA",S,N,R$46.85,R$5.00,R$0.00,R$51.85
9608-2/08,T,SERVIÇO,TOSADOR(A) DE ANIMAIS DOMÉSTICOS,96,OUTRAS ATIVIDADES DE SERVIÇOS,HIGIENE E EMBELEZAMENTO DE ANIMAIS DOMÉSTICOS,S,N,R$46.85,R$5.00,R$0.00,R$51.85
0162-8/02,T,SERVIÇO,TOSQUIADOR(A),1,"AGRICULTURA, PECUÁRIA, PRODUÇÃO FLORESTAL, PESCA E AQÜICULTURA",SERVIÇO DE TOSQUIAMENTO DE OVINOS,S,N,R$46.85,R$5.00,R$0.00,R$51.85
5099-8/01,T,SERVIÇO,TRANSPORTADOR(A) AQUAVIÁRIO PARA PASSEIOS TURÍSTICOS,50,"TRANSPORTE, ARMAZENAGEM E CORREIO",TRANSPORTE AQUAVIÁRIO PARA PASSEIOS TURÍSTICOS,S,N,R$46.85,R$5.00,R$0.00,R$51.85
4924-8/00,T,SERVIÇO,TRANSPORTADOR(A) ESCOLAR,49,"TRANSPORTE, ARMAZENAGEM E CORREIO",TRANSPORTE ESCOLAR,S,N,R$46.85,R$5.00,R$0.00,R$51.85
4930-2/04,T,SERVIÇO,TRANSPORTADOR(A) DE MUDANÇAS,49,"TRANSPORTE, ARMAZENAGEM E CORREIO",TRANSPORTE RODOVIÁRIO DE MUDANÇAS,S,S,R$46.85,R$5.00,R$1.00,R$52.85
4929-9/02,T,SERVIÇO,TRANSPORTADOR(A) INTERMUNICIPAL DE PASSAGEIROS SOB FRETE EM REGIÃO METROPOLITANA,49,"TRANSPORTE, ARMAZENAGEM E CORREIO","TRANSPORTE RODOVIÁRIO COLETIVO DE PASSAGEIROS, SOB REGIME DE FRETAMENTO, INTERMUNICIPAL, INTERESTADUAL E INTERNACIONAL",N,S,R$46.85,R$0.00,R$1.00,R$47.85
5091-2/02,T,SERVIÇO,TRANSPORTADOR(A) INTERMUNICIPAL E INTERESTADUAL DE TRAVESSIA POR NAVEGAÇÃO FLUVIAL,50,"TRANSPORTE, ARMAZENAGEM E CORREIO","TRANSPORTE POR NAVEGAÇÃO DE TRAVESSIA, INTERMUNICIPAL, INTERESTADUAL E INTERNACIONAL",N,S,R$46.85,R$0.00,R$1.00,R$47.85
5011-4/01,T,SERVIÇO,TRANSPORTADOR(A) MARÍTIMO DE CARGA,50,"TRANSPORTE, ARMAZENAGEM E CORREIO",TRANSPORTE MARÍTIMO DE CABOTAGEM - CARGA,N,S,R$46.85,R$0.00,R$1.00,R$47.85
4930-2/01,T,SERVIÇO,TRANSPORTADOR(A) MUNICIPAL DE CARGAS NÃO PERIGOSAS(CARRETO),49,"TRANSPORTE, ARMAZENAGEM E CORREIO","TRANSPORTE RODOVIÁRIO DE CARGA, EXCETO PRODUTOS PERIGOSOS E MUDANÇAS, MUNICIPAL",S,N,R$46.85,R$5.00,R$0.00,R$51.85
4929-9/01,T,SERVIÇO,TRANSPORTADOR(A) MUNICIPAL DE PASSAGEIROS SOB FRETE,49,"TRANSPORTE, ARMAZENAGEM E CORREIO","TRANSPORTE RODOVIÁRIO COLETIVO DE PASSAGEIROS, SOB REGIME DE FRETAMENTO, MUNICIPAL",S,N,R$46.85,R$5.00,R$0.00,R$51.85
5091-2/01,T,SERVIÇO,TRANSPORTADOR(A) MUNICIPAL DE TRAVESSIA POR NAVEGAÇÃO,50,"TRANSPORTE, ARMAZENAGEM E CORREIO","TRANSPORTE POR NAVEGAÇÃO DE TRAVESSIA, MUNICIPAL",S,N,R$46.85,R$5.00,R$0.00,R$51.85
5021-1/01,T,SERVIÇO,TRANSPORTADOR(A) MUNICIPAL HIDROVIÁRIO DE CARGAS,50,"TRANSPORTE, ARMAZENAGEM E CORREIO","TRANSPORTE POR NAVEGAÇÃO INTERIOR DE CARGA, MUNICIPAL, EXCETO TRAVESSIA",S,N,R$46.85,R$5.00,R$0.00,R$51.85
1422-3/00,T,INDÚSTRIA,TRICOTEIRO(A),14,INDÚSTRIAS DE TRANSFORMAÇÃO,"FABRICAÇÃO DE ARTIGOS DO VESTUÁRIO, PRODUZIDOS EM MALHARIAS E TRICOTAGENS, EXCETO MEIAS",N,S,R$46.85,R$0.00,R$1.00,R$47.85
3291-4/00,V,INDÚSTRIA,VASSOUREIRO(A),32,INDÚSTRIAS DE TRANSFORMAÇÃO,"FABRICAÇÃO DE ESCOVAS, PINCÉIS E VASSOURAS",N,S,R$46.85,R$0.00,R$1.00,R$47.85
5612-1/00,V,SERVIÇO,VENDEDOR(A) AMBULANTE DE PRODUTOS ALIMENTÍCIOS,56,ALOJAMENTO E ALIMENTAÇÃO,SERVIÇOS AMBULANTES DE ALIMENTAÇÃO,N,S,R$46.85,R$0.00,R$1.00,R$47.85
4724-5/00,V,COMÉRCIO,"VENDEDOR(A) DE AVES VIVAS, COELHOS E OUTROS PEQUENOS ANIMAIS PARA ALIMENTAÇÃO",47,COMÉRCIO; REPARAÇÃO DE VEÍCULOS AUTOMOTORES E MOTOCICLETAS,COMÉRCIO VAREJISTA DE HORTIFRUTIGRANJEIROS,N,S,R$46.85,R$0.00,R$1.00,R$47.85
4724-5/00,V,COMÉRCIO,VERDUREIRO,47,COMÉRCIO; REPARAÇÃO DE VEÍCULOS AUTOMOTORES E MOTOCICLETAS,COMÉRCIO VAREJISTA DE HORTIFRUTIGRANJEIROS,N,S,R$46.85,R$0.00,R$1.00,R$47.85
4520-0/01,V,COMÉRCIO,VIDRACEIRO DE AUTOMÓVEIS,45,COMÉRCIO; REPARAÇÃO DE VEÍCULOS AUTOMOTORES E MOTOCICLETAS,SERVIÇOS DE MANUTENÇÃO E REPARAÇÃO MECÂNICA DE VEÍCULOS AUTOMOTORES,S,N,R$46.85,R$5.00,R$0.00,R$51.85
4330-4/99,V,SERVIÇO,VIDRACEIRO DE EDIFICAÇÕES,43,CONSTRUÇÃO,OUTRAS OBRAS DE ACABAMENTO DA CONSTRUÇÃO,S,N,R$46.85,R$5.00,R$0.00,R$51.85
1099-6/01,V,INDÚSTRIA,VINAGREIRO,10,INDÚSTRIAS DE TRANSFORMAÇÃO,FABRICAÇÃO DE VINAGRES,N,S,R$46.85,R$0.00,R$1.00,R$47.85